/*
 Navicat Premium Data Transfer

 Source Server         : 192.168.1.40_3306
 Source Server Type    : MySQL
 Source Server Version : 80020
 Source Host           : 192.168.1.40:3306
 Source Schema         : activiti

 Target Server Type    : MySQL
 Target Server Version : 80020
 File Encoding         : 65001

 Date: 07/08/2020 18:21:36
*/

SET NAMES utf8mb4;
SET FOREIGN_KEY_CHECKS = 0;

-- ----------------------------
-- Table structure for act_evt_log
-- ----------------------------
DROP TABLE IF EXISTS `act_evt_log`;
CREATE TABLE `act_evt_log`  (
  `LOG_NR_` bigint(0) NOT NULL AUTO_INCREMENT,
  `TYPE_` varchar(64) CHARACTER SET utf8 COLLATE utf8_bin NULL DEFAULT NULL,
  `PROC_DEF_ID_` varchar(64) CHARACTER SET utf8 COLLATE utf8_bin NULL DEFAULT NULL,
  `PROC_INST_ID_` varchar(64) CHARACTER SET utf8 COLLATE utf8_bin NULL DEFAULT NULL,
  `EXECUTION_ID_` varchar(64) CHARACTER SET utf8 COLLATE utf8_bin NULL DEFAULT NULL,
  `TASK_ID_` varchar(64) CHARACTER SET utf8 COLLATE utf8_bin NULL DEFAULT NULL,
  `TIME_STAMP_` timestamp(3) NOT NULL,
  `USER_ID_` varchar(255) CHARACTER SET utf8 COLLATE utf8_bin NULL DEFAULT NULL,
  `DATA_` longblob NULL,
  `LOCK_OWNER_` varchar(255) CHARACTER SET utf8 COLLATE utf8_bin NULL DEFAULT NULL,
  `LOCK_TIME_` timestamp(3) NULL DEFAULT NULL,
  `IS_PROCESSED_` tinyint(0) NULL DEFAULT 0,
  PRIMARY KEY (`LOG_NR_`) USING BTREE
) ENGINE = InnoDB CHARACTER SET = utf8 COLLATE = utf8_bin ROW_FORMAT = Dynamic;

-- ----------------------------
-- Table structure for act_ge_bytearray
-- ----------------------------
DROP TABLE IF EXISTS `act_ge_bytearray`;
CREATE TABLE `act_ge_bytearray`  (
  `ID_` varchar(64) CHARACTER SET utf8 COLLATE utf8_bin NOT NULL,
  `REV_` int(0) NULL DEFAULT NULL,
  `NAME_` varchar(255) CHARACTER SET utf8 COLLATE utf8_bin NULL DEFAULT NULL,
  `DEPLOYMENT_ID_` varchar(64) CHARACTER SET utf8 COLLATE utf8_bin NULL DEFAULT NULL,
  `BYTES_` longblob NULL,
  `GENERATED_` tinyint(0) NULL DEFAULT NULL,
  PRIMARY KEY (`ID_`) USING BTREE,
  INDEX `ACT_FK_BYTEARR_DEPL`(`DEPLOYMENT_ID_`) USING BTREE,
  CONSTRAINT `ACT_FK_BYTEARR_DEPL` FOREIGN KEY (`DEPLOYMENT_ID_`) REFERENCES `act_re_deployment` (`ID_`) ON DELETE RESTRICT ON UPDATE RESTRICT
) ENGINE = InnoDB CHARACTER SET = utf8 COLLATE = utf8_bin ROW_FORMAT = Dynamic;

-- ----------------------------
-- Records of act_ge_bytearray
-- ----------------------------
INSERT INTO `act_ge_bytearray` VALUES ('2', 1, 'processes/Leavebill.bpmn', '1', 0x3C3F786D6C2076657273696F6E3D22312E302220656E636F64696E673D225554462D3822207374616E64616C6F6E653D22796573223F3E0D0A3C646566696E6974696F6E7320786D6C6E733D22687474703A2F2F7777772E6F6D672E6F72672F737065632F42504D4E2F32303130303532342F4D4F44454C2220786D6C6E733A61637469766974693D22687474703A2F2F61637469766974692E6F72672F62706D6E2220786D6C6E733A62706D6E64693D22687474703A2F2F7777772E6F6D672E6F72672F737065632F42504D4E2F32303130303532342F44492220786D6C6E733A6F6D6764633D22687474703A2F2F7777772E6F6D672E6F72672F737065632F44442F32303130303532342F44432220786D6C6E733A6F6D6764693D22687474703A2F2F7777772E6F6D672E6F72672F737065632F44442F32303130303532342F44492220786D6C6E733A746E733D22687474703A2F2F7777772E61637469766974692E6F72672F746573742220786D6C6E733A7873643D22687474703A2F2F7777772E77332E6F72672F323030312F584D4C536368656D612220786D6C6E733A7873693D22687474703A2F2F7777772E77332E6F72672F323030312F584D4C536368656D612D696E7374616E6365222065787072657373696F6E4C616E67756167653D22687474703A2F2F7777772E77332E6F72672F313939392F5850617468222069643D226D3135393630303230313036313222206E616D653D2222207461726765744E616D6573706163653D22687474703A2F2F7777772E61637469766974692E6F72672F746573742220747970654C616E67756167653D22687474703A2F2F7777772E77332E6F72672F323030312F584D4C536368656D61223E0D0A20203C70726F636573732069643D224C6561766562696C6C22206973436C6F7365643D2266616C73652220697345786563757461626C653D227472756522206E616D653D224C6561766562696C6C222070726F63657373547970653D224E6F6E65223E0D0A202020203C73746172744576656E742069643D2273746172746576656E743122206E616D653D225374617274222F3E0D0A202020203C656E644576656E742069643D22656E646576656E743122206E616D653D22456E64222F3E0D0A202020203C757365725461736B2061637469766974693A61737369676E65653D22247B757365726E616D657D222061637469766974693A6578636C75736976653D2274727565222069643D22757365727461736B3122206E616D653D22E68F90E4BAA4E794B3E8AFB7222F3E0D0A202020203C757365725461736B2061637469766974693A6578636C75736976653D2274727565222069643D22757365727461736B3222206E616D653D22E983A8E997A8E5AEA1E689B9223E0D0A2020202020203C657874656E73696F6E456C656D656E74733E0D0A20202020202020203C61637469766974693A7461736B4C697374656E657220636C6173733D22636F6D2E74646B6A2E53797374656D2E61637469766974692E706572736F6E5461736B2E5461736B4C697374656E6572496D706C22206576656E743D22637265617465222F3E0D0A2020202020203C2F657874656E73696F6E456C656D656E74733E0D0A202020203C2F757365725461736B3E0D0A202020203C757365725461736B2061637469766974693A6578636C75736976653D2274727565222069643D22757365727461736B3322206E616D653D22E680BBE7BB8FE79086E5AEA1E689B9223E0D0A2020202020203C657874656E73696F6E456C656D656E74733E0D0A20202020202020203C61637469766974693A7461736B4C697374656E657220636C6173733D22636F6D2E74646B6A2E53797374656D2E61637469766974692E706572736F6E5461736B2E5461736B4C697374656E6572496D706C22206576656E743D22637265617465222F3E0D0A2020202020203C2F657874656E73696F6E456C656D656E74733E0D0A202020203C2F757365725461736B3E0D0A202020203C73657175656E6365466C6F772069643D22666C6F77312220736F757263655265663D2273746172746576656E743122207461726765745265663D22757365727461736B31222F3E0D0A202020203C73657175656E6365466C6F772069643D22666C6F773222206E616D653D22E68F90E4BAA4E794B3E8AFB72220736F757263655265663D22757365727461736B3122207461726765745265663D22757365727461736B32222F3E0D0A202020203C73657175656E6365466C6F772069643D22666C6F773322206E616D653D22E5908CE6848F2220736F757263655265663D22757365727461736B3222207461726765745265663D22757365727461736B33223E0D0A2020202020203C636F6E646974696F6E45787072657373696F6E207873693A747970653D2274466F726D616C45787072657373696F6E223E3C215B43444154415B247B6F7574636F6D653D3D27E5908CE6848F277D5D5D3E3C2F636F6E646974696F6E45787072657373696F6E3E0D0A202020203C2F73657175656E6365466C6F773E0D0A202020203C73657175656E6365466C6F772069643D22666C6F773422206E616D653D22E5908CE6848F2220736F757263655265663D22757365727461736B3322207461726765745265663D22656E646576656E7431223E0D0A2020202020203C636F6E646974696F6E45787072657373696F6E207873693A747970653D2274466F726D616C45787072657373696F6E223E3C215B43444154415B247B6F7574636F6D653D3D27E5908CE6848F277D5D5D3E3C2F636F6E646974696F6E45787072657373696F6E3E0D0A202020203C2F73657175656E6365466C6F773E0D0A202020203C73657175656E6365466C6F772069643D22666C6F773522206E616D653D22E694BEE5BC832220736F757263655265663D22757365727461736B3122207461726765745265663D22656E646576656E7431223E0D0A2020202020203C636F6E646974696F6E45787072657373696F6E207873693A747970653D2274466F726D616C45787072657373696F6E223E3C215B43444154415B247B6F7574636F6D653D3D27E694BEE5BC83277D5D5D3E3C2F636F6E646974696F6E45787072657373696F6E3E0D0A202020203C2F73657175656E6365466C6F773E0D0A202020203C73657175656E6365466C6F772069643D22666C6F773622206E616D653D22E9A9B3E59B9E2220736F757263655265663D22757365727461736B3222207461726765745265663D22757365727461736B31223E0D0A2020202020203C636F6E646974696F6E45787072657373696F6E207873693A747970653D2274466F726D616C45787072657373696F6E223E3C215B43444154415B247B6F7574636F6D653D3D27E9A9B3E59B9E277D5D5D3E3C2F636F6E646974696F6E45787072657373696F6E3E0D0A202020203C2F73657175656E6365466C6F773E0D0A202020203C73657175656E6365466C6F772069643D22666C6F773722206E616D653D22E9A9B3E59B9E2220736F757263655265663D22757365727461736B3322207461726765745265663D22757365727461736B31223E0D0A2020202020203C636F6E646974696F6E45787072657373696F6E207873693A747970653D2274466F726D616C45787072657373696F6E223E3C215B43444154415B247B6F7574636F6D653D3D27E9A9B3E59B9E277D5D5D3E3C2F636F6E646974696F6E45787072657373696F6E3E0D0A202020203C2F73657175656E6365466C6F773E0D0A20203C2F70726F636573733E0D0A20203C62706D6E64693A42504D4E4469616772616D20646F63756D656E746174696F6E3D226261636B67726F756E643D233343334634313B636F756E743D313B686F72697A6F6E74616C636F756E743D313B6F7269656E746174696F6E3D303B77696474683D3834322E343B6865696768743D313139352E323B696D61676561626C6557696474683D3833322E343B696D61676561626C654865696768743D313138352E323B696D61676561626C65583D352E303B696D61676561626C65593D352E30222069643D224469616772616D2D5F3122206E616D653D224E6577204469616772616D223E0D0A202020203C62706D6E64693A42504D4E506C616E652062706D6E456C656D656E743D224C6561766562696C6C223E0D0A2020202020203C62706D6E64693A42504D4E53686170652062706D6E456C656D656E743D2273746172746576656E7431222069643D2253686170652D73746172746576656E7431223E0D0A20202020202020203C6F6D6764633A426F756E6473206865696768743D2233322E30222077696474683D2233322E302220783D223435352E302220793D223130302E30222F3E0D0A20202020202020203C62706D6E64693A42504D4E4C6162656C3E0D0A202020202020202020203C6F6D6764633A426F756E6473206865696768743D2233322E30222077696474683D2233322E302220783D22302E302220793D22302E30222F3E0D0A20202020202020203C2F62706D6E64693A42504D4E4C6162656C3E0D0A2020202020203C2F62706D6E64693A42504D4E53686170653E0D0A2020202020203C62706D6E64693A42504D4E53686170652062706D6E456C656D656E743D22656E646576656E7431222069643D2253686170652D656E646576656E7431223E0D0A20202020202020203C6F6D6764633A426F756E6473206865696768743D2233322E30222077696474683D2233322E302220783D223435352E302220793D223530302E30222F3E0D0A20202020202020203C62706D6E64693A42504D4E4C6162656C3E0D0A202020202020202020203C6F6D6764633A426F756E6473206865696768743D2233322E30222077696474683D2233322E302220783D22302E302220793D22302E30222F3E0D0A20202020202020203C2F62706D6E64693A42504D4E4C6162656C3E0D0A2020202020203C2F62706D6E64693A42504D4E53686170653E0D0A2020202020203C62706D6E64693A42504D4E53686170652062706D6E456C656D656E743D22757365727461736B31222069643D2253686170652D757365727461736B31223E0D0A20202020202020203C6F6D6764633A426F756E6473206865696768743D2235352E30222077696474683D223130352E302220783D223432302E302220793D223138302E30222F3E0D0A20202020202020203C62706D6E64693A42504D4E4C6162656C3E0D0A202020202020202020203C6F6D6764633A426F756E6473206865696768743D2235352E30222077696474683D223130352E302220783D22302E302220793D22302E30222F3E0D0A20202020202020203C2F62706D6E64693A42504D4E4C6162656C3E0D0A2020202020203C2F62706D6E64693A42504D4E53686170653E0D0A2020202020203C62706D6E64693A42504D4E53686170652062706D6E456C656D656E743D22757365727461736B32222069643D2253686170652D757365727461736B32223E0D0A20202020202020203C6F6D6764633A426F756E6473206865696768743D2235352E30222077696474683D223130352E302220783D223432302E302220793D223237302E30222F3E0D0A20202020202020203C62706D6E64693A42504D4E4C6162656C3E0D0A202020202020202020203C6F6D6764633A426F756E6473206865696768743D2235352E30222077696474683D223130352E302220783D22302E302220793D22302E30222F3E0D0A20202020202020203C2F62706D6E64693A42504D4E4C6162656C3E0D0A2020202020203C2F62706D6E64693A42504D4E53686170653E0D0A2020202020203C62706D6E64693A42504D4E53686170652062706D6E456C656D656E743D22757365727461736B33222069643D2253686170652D757365727461736B33223E0D0A20202020202020203C6F6D6764633A426F756E6473206865696768743D2235352E30222077696474683D223130352E302220783D223432302E302220793D223337302E30222F3E0D0A20202020202020203C62706D6E64693A42504D4E4C6162656C3E0D0A202020202020202020203C6F6D6764633A426F756E6473206865696768743D2235352E30222077696474683D223130352E302220783D22302E302220793D22302E30222F3E0D0A20202020202020203C2F62706D6E64693A42504D4E4C6162656C3E0D0A2020202020203C2F62706D6E64693A42504D4E53686170653E0D0A2020202020203C62706D6E64693A42504D4E456467652062706D6E456C656D656E743D22666C6F7731222069643D2242504D4E456467655F666C6F77312220736F75726365456C656D656E743D2273746172746576656E74312220746172676574456C656D656E743D22757365727461736B31223E0D0A20202020202020203C6F6D6764693A776179706F696E7420783D223437312E302220793D223133322E30222F3E0D0A20202020202020203C6F6D6764693A776179706F696E7420783D223437312E302220793D223138302E30222F3E0D0A20202020202020203C62706D6E64693A42504D4E4C6162656C3E0D0A202020202020202020203C6F6D6764633A426F756E6473206865696768743D222D312E30222077696474683D222D312E302220783D222D312E302220793D222D312E30222F3E0D0A20202020202020203C2F62706D6E64693A42504D4E4C6162656C3E0D0A2020202020203C2F62706D6E64693A42504D4E456467653E0D0A2020202020203C62706D6E64693A42504D4E456467652062706D6E456C656D656E743D22666C6F7732222069643D2242504D4E456467655F666C6F77322220736F75726365456C656D656E743D22757365727461736B312220746172676574456C656D656E743D22757365727461736B32223E0D0A20202020202020203C6F6D6764693A776179706F696E7420783D223437322E352220793D223233352E30222F3E0D0A20202020202020203C6F6D6764693A776179706F696E7420783D223437322E352220793D223237302E30222F3E0D0A20202020202020203C62706D6E64693A42504D4E4C6162656C3E0D0A202020202020202020203C6F6D6764633A426F756E6473206865696768743D2231342E30222077696474683D223130302E302220783D223437322E302220793D223233332E30222F3E0D0A20202020202020203C2F62706D6E64693A42504D4E4C6162656C3E0D0A2020202020203C2F62706D6E64693A42504D4E456467653E0D0A2020202020203C62706D6E64693A42504D4E456467652062706D6E456C656D656E743D22666C6F7733222069643D2242504D4E456467655F666C6F77332220736F75726365456C656D656E743D22757365727461736B322220746172676574456C656D656E743D22757365727461736B33223E0D0A20202020202020203C6F6D6764693A776179706F696E7420783D223437322E352220793D223332352E30222F3E0D0A20202020202020203C6F6D6764693A776179706F696E7420783D223437322E352220793D223337302E30222F3E0D0A20202020202020203C62706D6E64693A42504D4E4C6162656C3E0D0A202020202020202020203C6F6D6764633A426F756E6473206865696768743D2231342E30222077696474683D223130302E302220783D223437322E302220793D223332352E30222F3E0D0A20202020202020203C2F62706D6E64693A42504D4E4C6162656C3E0D0A2020202020203C2F62706D6E64693A42504D4E456467653E0D0A2020202020203C62706D6E64693A42504D4E456467652062706D6E456C656D656E743D22666C6F7734222069643D2242504D4E456467655F666C6F77342220736F75726365456C656D656E743D22757365727461736B332220746172676574456C656D656E743D22656E646576656E7431223E0D0A20202020202020203C6F6D6764693A776179706F696E7420783D223437312E302220793D223432352E30222F3E0D0A20202020202020203C6F6D6764693A776179706F696E7420783D223437312E302220793D223530302E30222F3E0D0A20202020202020203C62706D6E64693A42504D4E4C6162656C3E0D0A202020202020202020203C6F6D6764633A426F756E6473206865696768743D2231342E30222077696474683D223130302E302220783D223437322E302220793D223432352E30222F3E0D0A20202020202020203C2F62706D6E64693A42504D4E4C6162656C3E0D0A2020202020203C2F62706D6E64693A42504D4E456467653E0D0A2020202020203C62706D6E64693A42504D4E456467652062706D6E456C656D656E743D22666C6F7735222069643D2242504D4E456467655F666C6F77352220736F75726365456C656D656E743D22757365727461736B312220746172676574456C656D656E743D22656E646576656E7431223E0D0A20202020202020203C6F6D6764693A776179706F696E7420783D223532352E302220793D223230372E30222F3E0D0A20202020202020203C6F6D6764693A776179706F696E7420783D223633392E302220793D223230372E30222F3E0D0A20202020202020203C6F6D6764693A776179706F696E7420783D223633392E302220793D223336302E30222F3E0D0A20202020202020203C6F6D6764693A776179706F696E7420783D223633392E302220793D223531372E30222F3E0D0A20202020202020203C6F6D6764693A776179706F696E7420783D223438372E302220793D223531362E30222F3E0D0A20202020202020203C62706D6E64693A42504D4E4C6162656C3E0D0A202020202020202020203C6F6D6764633A426F756E6473206865696768743D2231342E30222077696474683D223130302E302220783D223633392E302220793D223332362E30222F3E0D0A20202020202020203C2F62706D6E64693A42504D4E4C6162656C3E0D0A2020202020203C2F62706D6E64693A42504D4E456467653E0D0A2020202020203C62706D6E64693A42504D4E456467652062706D6E456C656D656E743D22666C6F7736222069643D2242504D4E456467655F666C6F77362220736F75726365456C656D656E743D22757365727461736B322220746172676574456C656D656E743D22757365727461736B31223E0D0A20202020202020203C6F6D6764693A776179706F696E7420783D223432302E302220793D223239372E30222F3E0D0A20202020202020203C6F6D6764693A776179706F696E7420783D223239382E302220793D223239372E30222F3E0D0A20202020202020203C6F6D6764693A776179706F696E7420783D223239382E302220793D223230372E30222F3E0D0A20202020202020203C6F6D6764693A776179706F696E7420783D223432302E302220793D223230372E35222F3E0D0A20202020202020203C62706D6E64693A42504D4E4C6162656C3E0D0A202020202020202020203C6F6D6764633A426F756E6473206865696768743D2231342E30222077696474683D223130302E302220783D223334312E302220793D223330302E30222F3E0D0A20202020202020203C2F62706D6E64693A42504D4E4C6162656C3E0D0A2020202020203C2F62706D6E64693A42504D4E456467653E0D0A2020202020203C62706D6E64693A42504D4E456467652062706D6E456C656D656E743D22666C6F7737222069643D2242504D4E456467655F666C6F77372220736F75726365456C656D656E743D22757365727461736B332220746172676574456C656D656E743D22757365727461736B31223E0D0A20202020202020203C6F6D6764693A776179706F696E7420783D223432302E302220793D223339372E30222F3E0D0A20202020202020203C6F6D6764693A776179706F696E7420783D223233312E302220793D223339372E30222F3E0D0A20202020202020203C6F6D6764693A776179706F696E7420783D223233312E302220793D223230372E30222F3E0D0A20202020202020203C6F6D6764693A776179706F696E7420783D223432302E302220793D223230372E35222F3E0D0A20202020202020203C62706D6E64693A42504D4E4C6162656C3E0D0A202020202020202020203C6F6D6764633A426F756E6473206865696768743D2231342E30222077696474683D223130302E302220783D223239312E302220793D223430302E30222F3E0D0A20202020202020203C2F62706D6E64693A42504D4E4C6162656C3E0D0A2020202020203C2F62706D6E64693A42504D4E456467653E0D0A202020203C2F62706D6E64693A42504D4E506C616E653E0D0A20203C2F62706D6E64693A42504D4E4469616772616D3E0D0A3C2F646566696E6974696F6E733E0D0A, 0);
INSERT INTO `act_ge_bytearray` VALUES ('3', 1, 'processes/Leavebill.Leavebill.png', '1', 0x89504E470D0A1A0A0000000D494844520000028A0000021F0806000000F7DFFD7C0000261A4944415478DAEDDD0F9495F5991F707BEAF67072EC59DB665BBBCDD94D4FB33DE9661BB7BB6E9A4D779B499BEC66B362DC8DD777DE19D4DBC41D943FCA046DB6B380A2B192608A8E64918D5B9368128C124CD008CE0002F247495624505CA0030A13980133832033FC9979FBFBD13BE6CE65660003C39DB99FCF39CF7939F75E109F799FF7F7E5BDEFBDEF45170100000000000000000000000000000000000000000000000000000000000000000000000000000000000000000000000000000000000000000000000000000000000000000000000000000000000000000000000000000000000000000000000000000000000000000000000000000000000000000000000000000000000000000000000000000000000000000000000000000000000000000000000000000000000000000000000000000000000000000000000000000000000000000000000000000000000000000000000000000000000000000000000000000000000000000000000000000000000000000000000000000000000000000000000000000030FCB22C1BB374E9D2FAB973E7BE387BF6ECCEA953A71ECFE7F359757575366EDCB8DEFAFAFAEE193366FCDF9933677EEF965B6EF9988E01008C723FFDE94F7FF7D1471F5D73EBADB7F64C9830217BE49147B2F5EBD7677BF7EECDBABABAB2E8D8B163597B7B7BB661C386ECB1C71ECB6EBEF9E6DEC99327BFD1D0D070572E97BB44170100469190FF2E59B162C57393264DEABDEFBEFBB24D9B369D0C84676ACB962DD9DCB973B31B6FBCF1ADCF7FFEF357EA2800C02810CF223EF0C00307A74C99926DDCB831FB45BCFAEAABD92DB7DC7262FCF8F14FE7F3F931BA0B0030421D3A74E8A3D3A64D3BD6D8D898BDF9E69BD9B910DFA20E7FDEF1891327AEF4563400C00814CF24C690F8E52F7F393B71E24476AECD9B37EFD8F8F1E39BABAAAA2ED66D008011225E9318DF6E8E6712CF4748EC73FFFDF71F19376EDC77741C006084881F5C89D7249EABB79B877A1B7AC2840907ABABABAB741D00A0CCC5B79CE3A79BE3279B8743FC804B6D6DED3ED72B020094B9F83D89F12B7086D3DD77DFBDA3BABAFA36DD07002853F18E2BF1CBB487EB6C629FAD5BB71EADA9A979CD075B0000CA545353D36DF18E2BE7F3032C83C9E7F3ED49927CD84F0100A00CC57B37C7DBF25D0873E6CCD9585D5D7DB79F020040199A3D7B7667BC77F385B06EDDBADD21283EE1A700005086A64E9D7A7CEFDEBD1724281E3870E08D1014B7FA29000094A1EBAEBBEEE4771B5E08C78E1DCB4250ECF2530000284321A8651752FCEFFB29000094A11B6EB8A1F7029E513CE08C220040999A3A756AD785BA46B1BDBD7DBB6B140100CAD41D77DCB1ED427DEA79E9D2A53FF4A96700803275F7DD777FE7427D8FE2F4E9D317FB1E450080323579F2E40FDD7CF3CDBD17E0CE2C5DF1167EEECC020050C66EBDF5D6FDC37DAFE7F5EBD7C7B79D77BAD7330040199B366DDA1DF7DD775FEF7006C5F1E3C7C7B79D6FD37D00803296CFE7C7D4D5D51DDAB265CBB084C4175F7C71693C9B98CBE52ED17D0080323769D2A43F993C79F2B137DF7CF3BC86C423478EECABA9A9D916826295AE03008C1037DD74D35373E6CCE93E8F1F6C3974F3CD37C76B131FD56D008011247EB064D2A4494BE7CE9D7BF43C84C5430D0D0D8FC7EF4D8C6F75EB3600C0080C8B7575753FFCCA57BE72F8ADB7DE3A676F374F9C38317E78E509D72502008CF0B078DD75D73D76D34D371D7CE595574EFCA21F5C295C93F8A833890000A344FCC0C9B871E35A67CC98D11202E3D9BC1DDDB561C38667E3358FF1D3CD3EB80200300AC5B38049924C4AD374C7F5D75F7FE0BEFBEEDBB872E5CAD7F6EDDBD77EECD8B193A9306C0FB4B7B76F7FEEB9E796C6DBF2C53BAE1402E26DDE6A0600A80021F85D116A5A088DDF09E1F1E5F0EBAE505961BB355E83189EBB37DE96CF1D57000084C763757575BFA41300009406C5B7C68E1DFB2E9D0000A0342876E672B95FD60900004A83627B088ABFA21300009406C5D650BFAA1300009406C55D353535BFAE1300009406C56D2128FE864E0000D04F9AA65B72B9DC6FEA040000FD5457576F4C92E4729D0000A03428BE1482E2EFE9040000A541714DA88FE8040000A541F1F9344D3FAA1300009406C5E74250FC844E0000D04F9224CFD4D4D47C4A270000E8A7BABAFAA910163FAD130000F493A6E9774350CCE9040000FD5457577F2B548D4E0000501A14BF9EA6E90D3A0100406950FC9B507FA1130000F49324C957D3349DA0130000F41342E2FD212CDEAA1300009406C52F87A078BB4E0000D04F7575F53DA11A74020080D2A07867A83B74020080D2A0D810CF2AEA040000FDC4EB13E3758A3A0100403F21244E0961718E4E0000501A1427C4EF52D4090000FA897765897767D10900004A83623ED4233A0100406950AC09F52D9D0000A09F244972699A7E57270000E82784C4AB43585CA4130000F4535353F3A910149FD1090000FA49D3F413D5D5D5CFE9040000FD849058156A854E0000501A143F126A4DFC752E97BB24FCFABD617B99CE0000549018049324793984C19DA1F687CA06A93B750B00A0C2841078F7100131D6A17C3E7FA94E01005498C2DBCB7B87088AB3750900A042A5693A659090D8159E7BB70E010054A8C259C553AE514C92648EEE000054B8344DC79506C59A9A9ADFD61900002E2A7C02BA2F283EA12300009C54F8B2EDBEA058A52300001487C535A14EE8040000FDA469FAC924498EEB0400C0399065D9C52D2D2D4FAC5FBFBE67D9B265595353932A836A6E6ECE56AD5A7520D4387B29007041C490B87AF5EAACBDBD3D3B7AF4A82AA3DABF7F7FB672E5CA8321345E634F0500865D3C9328249675583CDAD4D4B4D59E0A000CBBF876B34056DE1582A2EB2E0180E117AF8713C6CA3E2866F65400A06C83E2E1CEBD59CB8647B22DCD779DACF8EBF8982027280200151C140F75B4669B974ECF5E79E6F67E151F8BCF097382220050A14171F7961F9C1212FB6ACF96C5C29CA00800546A50DCBAE24B8306C5F89C3027280200151A143737DD3968508CCF097382220020280A8A8222002028FEBCE2A79C070B8AF139614E5004002A34286E5F3377D0A0189F13E6044500A04283E21BAD9BB2CDCFDD71EADBCEE1B1F89C3027280200151A1463EDFCD1374F098AF131414E5004002A3928767767DBD7CE3BF56DE7F0587C4E98131401800A0C8AF1CE2BDBD63C38E8358AF1397767111401804A0A8ADDDDD9DEEDCBB39F2C69183424F6557C4D7CADB38B82220030CA83E2E9CE223ABB28280200151A14CFE42CE2506717853B41110018A541F19D86C4BE12EE0445006094064535B282625555D5C5F66400E08C555757BF91A6E9044171F406C52CCB2EDBB367CFBA356BD664D3A64D9B2A300200671A14B342BD9124C98D82E2E80A8AAFBFFEFAF4AEAEAEE359417777F7B1050B166C9F3871E207ECFD00C09906C5BEDA3FD0194641716405C5C3870F5FDED6D6B62B1BC4CE9D3BBB66CD9AF5503E9F1F630A0080330D8A6F9F612C0E8C82E2C8088AC198DDBB773FDAD3D3D39B9D466F6F6FCF92254B0ED4D7D78F350900C0D904C5B7CF30C6B7A405C5F2AF975E7A29EBECEC3C989DA58E8E8EEE79F3E62D0BFF3078B78900189EC555A95157C258F9566B6B6BD6D8D818435FF60E82E2C9DF6B1F2F9FB2CAC228088ABAA017A3FC1F3D8793249959555575F21A366714CBBF9E7AEAA9ACAEAEEEE9B56BD7EEEDEDED3D712621B1B3B3F3DBE3C78F5F117ED68BC2CFFCBD26C2311530C87AC15041B15F40EC53CE4131FCF506ACE17ABEDC3ECC92A6E9D53367CEDCDDD1D1D13EC4F5899BE7CF9FFFB5F0F3DE1E5F6F121C530183AC170C15140F85C0706F69401C294171A8C7CEF7F3E5F8A9E75C2E77496D6DED030B172E6CEFE9E939529411BB76ECD8F150786E73F807C19C7C3E7FA929704C050CB25E30D8CF6FC0338882E2C80E8A453FDF2BEAEBEB37B5B4B4B41E397264654343C3E3E1B175F1717BBF632A6090F5827342501C9941318A776249D3744A9CD5B8756716C754C020EB0582A2A0784A60B4273BA60206592F101405451C530183AC17088A82A2A0E8980A1864BD4050F4F53882A2632A6090F5024151098A8EA98041D60B04452528E2980A06592F101495A088632A1864BD40505482228EA96090F5422F04452528E2980A1864BD101495A088632A6090F502415150C4311530C87A81A02828E2980A1864BD40501414714C050CB25E20280A8A38A60206592F101495A0E8980A1864BD40505482A2632A6090F5024151098A8EA98041D60B04452528E2980A06592F101495A088632A1864BD60D458B66C993056DED51582E2717BAA632A6090F58261B76AD5AABDEDEDED025999566B6BEB821014B7DA531D530183AC170CBBE5CB977FFAF9E79FEF6C6B6B3B229895D799C418129B9B9B5F0B758D3DD5311530C87AC1051182C8954D4D4D1BE25B9CF17AB8915E531A970F58C3F5FC39AAF8B3D82A243AA60206592FE01C8AA16DA8C7CEF7F3E0980A06592F40501414714C0583AC1720280A8A38A6824136C87A81A02828E2980A1864BD40501414714C050CB25E50614171A01AAEE7C131150CB25E807D17EC976090F502ECBB60BF04836C90F502FB2ED82F0183AC17D877C17E091864BDC0BE0BF64BC020EB05F65DFB2EF64BC020EB05D877B15F0206592FC0BE8BFD1230C87A01F65DEC978041D60BB0EF62BF040CB25E807D17FB256090F502ECBB60BF0483AC1760DF05FB251864BD00FB2ED82FC120A317D877C17E091864BDC0BE0BF64BC020EB05F65DB05F0206592FB0EF82FD1230C87A4165EFA78BE3BE7A9ADAA05338A60206592FA8BCFDF48A50C7870A8A49925CA95338A60206592FA8CC7DF5D92182E2BAAAAAAA8B7509C754C020EB0595B9AF5E3158504CD3F46A1DC2311530C87A4165EFAF035DABB8C1D9441C530183AC17D85F4FB956D1B58938A60206592FE0A4100C17399B88632A6090F502060A8A1F2EBA36F1933A82632A6090F5028AF7DB93D72A3A9B88632A6090F5024AF7DB2BECBB38A60206592F3807B22CBBB8A5A5E589F5EBD7F72C5BB62C6B6A6A526550CDCDCDD9AA55AB0E841A672F754C050CB25E7041C490B87AF5EAACBDBD3D3B7AF4A82AA3DABF7F7FB672E5CA8321345E634F754C050CB25E30ECE2994421B1ACC3E2D1A6A6A6ADF654C754C020EB05C32EBEDD2C90957785A078DC9EEA980A1864BD60D8C5EBE184B1B20F8A66D1311530C87A41F906C5C39D7BB3960D8F645B9AEF3A59F1D7F131414E50C431150CB25E50C141F150476BB679E9F4EC95676EEF57F1B1F89C302728E2980A06592FA8D0A0B87BCB0F4E09897DB567CB62614E50C431150CB25E50A94171EB8A2F0D1A14E373C29CA088632A1864BDA04283E2E6A63B070D8AF139614E50C431150CB25E20280A8A82228EA96090D10B41F1E7153FE53C58508CCF097382228EA96090F5820A0D8ADBD7CC1D3428C6E784394111C75430C87A418506C5375A37659B9FBBE3D4B79DC363F139614E50C431150CB25E50A14131D6CE1F7DF394A0181F13E404451C53C120EB05951C14BBBBB3ED6BE79DFAB673782C3E27CC098A38A68241D60B2A3028C63BAF6C5BF3E0A0D728C6E7DC9D4550C431150CB25E504941B1BB3BDBBB7D79F693250D8386C4BE8AAF89AF75765150C431150CB25E30CA83E2E9CE223ABB2828E2980A06592FF4A24283E2999C451CEAECA2702728E2980A06592F18A541F19D86C4BE12EE04451C53C120EB0523405555D5C5671B1495A088632A6090F56214CBB2ECB23D7BF6AC5BB3664D366DDAB4A9830546415150C4311530C87A51415E7FFDF5E95D5D5DC7B382EEEEEE630B162CD83E71E2C40F088A82228EA98041D68B0A74F8F0E1CBDBDADA766583D8B97367D7AC59B31ECAE7F36304454111C754C020EB4505081970CCEEDDBB1FEDE9E9E9CD4EA3B7B7B767C9922507EAEBEBC70A8A82228EA98041D68B51ACADADED339D9D9D07B3B3D4D1D1D13D6FDEBC658B172F16C604451C5301837CF6BD50E55F8D8D8D31F465EF20289EFCBDF1CF686DF525D98222D617C02033EAD4D6D6BEA7AEAEEEE9B56BD7EEEDEDED3D712621B1B3B3F3DBE3C78F5F9124C9A240181314B1BE000699D12C4DD3AB67CE9CB9BBA3A3A37D88EB1337CF9F3FFF6B613FDF1E5F1F7F5F395FA318FE7A03D6703D2F28627D010C32A3462E97BBA4B6B6F681850B17B6F7F4F41C29CA885D3B76EC78283CB739499239F97CFED2BEDF53EE4171A8C7CEF7F38222D617C020331AF7E32BEAEBEB37B5B4B4B41E397264654343C3E3E1B175F1F1D2D70A8A8222D617C0208F7A531A976703D5993E3FDAC43BB1A4693A25EED3713B12EFCC22280A8AD617C02073CE82E2508F9DEEF9D11C18877A5E501414B1BE00065950ACD0A0783A82A2A088F50530C882A2A028280A8A585F00832C280A8AA327285EE4EB710445EB0B60901114054525285A5F0083CC790B8A3EF52C280A8A585F00830C82A2A088F50530C820280A8AF654EB0B609041505482A2F50530C820282A41D1FA021864101495A0687DB1BE8041064151098A585FC02083A0A80445AC2F60904150548222D61730C806194151098A585F00830C82A2A088F50530C820280A8A585F00830C82A2A088F50530C820280A8A585F00830CE7C7B265CB84B1F2AEAE10148FDB53AD2F80418661B76AD5AABDEDEDED025999566B6BEB821014B7DA53AD2F80418661B77CF9F24F3FFFFCF39D6D6D6D474651B81A15671263486C6E6E7E2DD435F654EB0B6090E1820841E4CAA6A6A60DF12DCE783DDC48AE975E7A296B6C6CCC162D5A948DF0FF97F8B3D82A245A5F00830C9C0359968DF9D9CF7ED611647575754FEB08D617C0200327EDDEBDFBD11016B3298DCB07ACBED79DEE79B0BE0006194691C3870F5FDED3D3D3DB1714A37BEEB967773E9FBFB42F1C1607C5D2DF2F28321CEBCB99FC2346A7405004CEB17DFBF6B564057D41B1B3B3735F6D6DED038222E5141487DAF7EC87202802E7D8EBAFBF3E3D2BD21714A3458B16ED0B737D85A088A008088A50614216BCACBBBBFBD86041B1B7B7F7687D7DFD26411141111014A1C2ECD9B3675D56A23828462D2D2DBB054504454050840AB366CD9A6CA0A03850E5F3F9317D8BB14F3D23280282228C723366CC9858FAD67389AE868686C7D3349DA25B944350F4A96710148161B460C182BF1F2C25EED8B1E3A130D7EBAAAAAA2ED629AC2F8041860A93CBE5DE170261576948ECEDEDDD5C5B5BBB397EEA5997B0BE0006192AD4ECD9B31F0CC1B0A738283EFCF0C37F9B24C91CDDC1FA021864A860F1ADE5254B96B4F785C4CECECE6F8779DEDE776716B0BE0006192AD8A44993FE4B47474777A8ACAEAEAE394DD3AB7505EB0B60908193E6CF9FFF6C6363639624C922DDC0FA021864E06DF1ADE638C7F1032EBA81F50530C88039C67E091864C01C63BF040C32608EB15F02061930C7D82F01830C9863EC97804106CC31D82FC12003E618EC97609001730CF64B30C8803906FB256090C11C83FD1230C8608EC17E09186430C760BF040C32608EB15F02061930C7D82F01830C9863EC97804106CC31F64BC02003E618FB25609001730CF64B30C8C08598D9C5716E4F531B740AEB0B6090A1F266F68A50C7870A8A49925CA953585F00830C9539B7CF0E1114D75555555DAC4B585F00830C9539B7570C1614D334BD5A87B0BE0006192A7B7607BA567183B389585F00830C66F7946B155D9B88F50530C8C04921182E723611EB0B6090818182E2878BAE4DFCA48E607D010C32503CC327AF55743611EB0B609081D219BEC21C637D010C329C0359965DDCD2D2F2C4FAF5EB7B962D5B96353535A932A8E6E6E66CD5AA5507428DB3975A5F00830C17440C89AB57AFCEDADBDBB3A3478FAA32AAFDFBF7672B57AE3C1842E335F654EB0B609061D8C5338942625987C5A34D4D4D5BEDA9D617C020C3B08B6F370B64E55D21281EB7A75A5F00830CC32E5E0F278C957D50745CB2BE000619CA37281EEEDC9BB56C7824DBD27CD7C98ABF8E8F09728222D61730C850C141F150476BB679E9F4EC95676EEF57F1B1F89C302728627D01830C151A14776FF9C12921B1AFF66C592CCC098A585FC02043A506C5AD2BBE3468508CCF09738222D61730C850A1417173D39D8306C5F89C302728627D01830C82A2A02828627D01830C82E2CF2B7ECA79B0A0189F13E60445AC2F6090A14283E2F63573070D8AF139614E50C4FA0206192A3428BED1BA29DBFCDC1DA7BEED1C1E8BCF09738222D61730C850A14131D6CE1F7DF394A0181F13E40445AC2F6090A19283627777B67DEDBC53DF760E8FC5E784394111EB0B1864A8C0A018EFBCB26DCD83835EA3189F7377164111EB0B1864A8A4A0D8DD9DEDDDBE3CFBC992864143625FC5D7C4D73ABB2828627D01830CA33C289EEE2CA2B38B8222D61730C850A141F14CCE220E757651B81314B1BE804186511A14DF6948EC2BE14E50C4FA0206194680AAAAAA8BCF36282A4111EB0B609019C5B22CBB6CCF9E3DEBD6AC59934D9B366DEA608151501414B1BE0006990AF2FAEBAF4FEFEAEA3A9E157477771F5BB060C1F68913277E40501414B1BE0006990A74F8F0E1CBDBDADA766583D8B97367D7AC59B31ECAE7F36304454111EB0B6090A90021038ED9BD7BF7A33D3D3DBDD969F4F6F6F62C59B2E4407D7DFD58415150C4FA02186446B1B6B6B6CF7476761ECCCE52474747F7BC79F3962D5EBC58181314B1BE00673AC84A8DA46A6C6C8CA12F7B0741F1E4EF8D7F466BAB2FC9161411140118756A6B6BDF535757F7F4DAB56BF7F6F6F69E389390D8D9D9F9EDF1E3C7AF48926451208C098A088A008C66699A5E3D73E6CCDD1D1D1DED435C9FB879FEFCF95F0B0BD6F6F8FAF8FBCAE91AC5F0D719B0CAE5794111411180112B97CB5D525B5BFBC0C2850BDB7B7A7A8E1465C4AE1D3B763C149EDB9C24C99C7C3E7F69DFEF29B7A038D46317FA794111411180D1B0205D515F5FBFA9A5A5A5F5C891232B1B1A1A1E0F8FAD8B8F97BE565014141114010635A5717936509DE9F394A7782796344DA7C4C5296E47C29D5904454151500428C3A038D463A77B9EF20F8C433D2F280A8A088A00822282A2A088A008202822280A8A088A008222A32C285EE4EB7104454111405044505482A2A008300282A24F3D0B8A4A5044500400415150445004004151504450040041515044500400415150445004004151098A822200088A4A5014140140505482A2A0080082A21214111401101495A088A00880A0A804450445000445252822280220282A41114111000445411141110086B26CD93261ACBCAB2B04C5E3F65441110086DDAA55ABF6B6B7B70B64655AADADAD0B4250DC6A4F15140160D82D5FBEFCD3CF3FFF7C675B5BDB91D110ACF6EDDB376ACE24C690D8DCDCFC5AA86BECA98222005C1021885CD9D4D4B421BEC519AF871BA9F5C20B2F64F7DE7B6FB670E1C26C24FF7F142AFE2CB60A89822200F00BBAFFFEFB3F78F0E0C19EF836FA8D37DEF8988E2028020017E572B94B56AF5EFD465630A571F980D5F7FAD33D0F8222008C0255555517DF7BEFBDEB7A7A7A7A8B83E28C1933BE57FCBAD2A058FAE7088A088A0030CA8C1F3FFE1BEDEDED47B22231F4BDFCF2CB3DB95CEE7D822282220054A02449FE72E5CA951D598918FAA2871E7AE83941114111002A6FD1BDE6AEBBEE7AA3B7B7F7C4604171DFBE7DBD77DC71C7070545044500A8B045F7E0C1832DD900FA8262F4C20B2F6C1214111401A082A4693A6ED7AE5DFB070B8A3EF58CA0080015ACA1A1E1C513274E74658378EBADB78E7DF18B5FBC45A7101401A0C2C44F352F5EBCF88DC182E2E38F3FBE5697101401A0427DF6B39FBDF3CD37DF3C581A125F7DF5D5C377DE79E7BB75084111002A54FCC2ED471E79644F71480CC1F1F8C30F3F5CAD3B088A0050E1D234FD83969696437D4171E1C2854FEA0A82220070D25D77DDF564BC8DDF2BAFBC72229FCF8FD111044500E0A4100E2F7DF2C927B3A953A7BEAA1B088A00403FB5B5B57F1416E3177502411100285D883F126A8D4E20280200A50BF11F865AA513088A00403FD75E7BEDC7D2345DAE13088A00406950FC78088A4D3A81A00800F4535353F3C749922CD109044500A07421FED3504FEB0482220050BA105F15EAFB3A81A00800F49324C99F87C578A14E20280200A5413197A6E9777502411100E827FDFFBEA313088A004069501C1716E3477502411100280D8A3784C5F8EB3A81A00800942EC49F0BF5B04E20280200A50B715DA8F93A81A00800F493A6E9842449BEAA13088A004069509C1C8262A34E20280200A541714A088A737402411100285D886F0B355B2710140180D285F80BA166E904822200D04F92247F95A6E9177502411100280D8A3342509CA913088A00403F3124C6B0A813088A0040E9427C4FA8069D405004004A17E259F1032D3A81A00800F49324C97D699A4ED509044500A03428CE895FBAAD13088A0040E942FC60088B937402411100285D88FF3A04C59B7502411100285D88E787AAD309044500A07421FEDB509FD509044500A07421FE7A9AA637E804822200D04F08898F254952AB13088A00406950FC4E088AD53A81A008009406C5EF86A098D309044500A07421FE5EA83FD309044500A07421FE7EA8AB7402411100E8274992676A6A6A3EA513088A004069505C1282E21FEB0482220050BA10375F7BEDB51FD709044500A074215E11AA4A2710140180D2857855A83FD409044500A074215E9BA6E9EFEB0482220050BA10BF585353F3219D405004004A17E21F2749F23B3A81A00800942EC41B4350BC5C2710140180D285F8272128FE964E20280200A50BF1D6344DDFAF13088A0050C172B9DC6561E17D6FD85E52B4106FABA9A9F90DDD41500480CA5E74E7C5857790DA1F6A67A8D5F97C7E8C6E2128024005A9ADAD7D4F5878BB86088B59922493740A4111002A73E17D7088A0B8D7D944044500A850439D557436114111002A5C08845F1B2028EE76361141110004C5DF0A0BF0F192A098D7190445002086C5454521F1EFAAAAAA2ED6150445002006C50F1705C5AB7404411100285E841787EA1D3B76ECBB74034111002A547C6B394DD34F8685F7EE50CFC65BF7853A51FC6196F07C53A87B438DF3C11604450018E50AB7EDBB3384BF1D437DD1F640DFA958B893CB7B751141110046917806314992BFACA9A979EB2C0362691D8F67199D6144500480512097CBBD2F84BB574A43DF840913B2F9F3E767EBD7AFCF5A5B5BB3AEAEAE2C8ADBF6F6F6ECC73FFE71F68D6F7C239B3265CA405FC6FD72FC5A1DDD45500480112A7E9AB9B6B6767F71C8BBFDF6DB4F86C013274E64676AE3C68D5943434369603C14FEFC2B7519411100466048ACA9A939D217EC4260CC162F5E7C5601B1D492254BB27C3EDFEFAD6861114111004690F8767308893F2B7E9B79DBB66DD9B9B06BD7AE6CF2E4C9A56716BD0D8DA00800E5AEF0D537AF1487C478CDE1B914FFBCE2B018AF59F401170445002873F1D3CDC56F379FAB3389039D592C791B7AB6EE23280240998ADF9358FC1538F19AC4F3295EB3587CBD627CCBDB4F01411100CA7321BDB3F8D3CDC78E1DCBCEB72F7CE10BC561719E9F028222009499C2B5896FDF71257E05CE70D8B46953BF3BB8E472B94BFC34101401A08CC4AFA929FE00CB2FF2353867ABF84BB9E3BDA107FB3B86E7DE1F5EF3A89F168222000CEF227A775F587BF8E187B3E1F4D8638F1507C57B0709888FC4EB182DF6088A0030FC8BE8B37D612DDE966F38C5B7B98BDE7E5ED1F7778ADFAF18CF2086EA2ABEAB8B9F168222000CEF22BABD2F88EDDDBB77588362FC5EC5A220B83BDE1526D4A2BE3388A5E5A785A00800C3BB88BE1DCABABABA863528C6FF5E49181C30200A8A088A00708116D1BEBA10860A86A595244947D8BE11EA40A8F650FB42FD34546B3C2319EAB550BB42B584DA51385BFAF7A1B686FA3FA136873F6353D8BE12EF0A13B63F0EF5A3502F855A1F6A6DA835A156A769BA326C9F0FDBE561DB1CB64D61BBB4F056FD0F433D1DFE8C1F84EDF70B67411786ED93E175DF0DBF5E10EADBA1BE15DF420F8F7D236CBF1EB6FF3B6C1F0EAFFB5AD8CE8F5F0B14EAAF43CD0D8F3586ED03613B27BCEE2B617B5FD87E393C362BD4FF0C754FBC9E343C36337E9D51787E46D84E0BDBBF0A8FFD8FF0EB2F84ED7F0FDBDBC2639F0FDBFAB0BD353C36396C2785ED84F0D84DA1EA42FD45A8CF85C7FF5BD8E6C3F6FAF861A2B0AD0DDB343C9684CDB5617B4D78ECCFC3F6CFC2F6D3E1B1B1F1C34F3535359F0ABFFE64F8F51F85ED27C2F3FFF5DA6BAFFD58D85685ED7F0E8FFD41D8FEA7B0FDFDF0D87F0CAFFF50D85E115EFF3B61FB1FC2F6F2DADADA7F1F2F31C8E572BF19AF450DBFFEB7E175BF11B6FF263CF6AFC3EBDE1BB6BF165EF79EB0FD57E3C68DFB97E175FFE2BAEBAEFBE761FBEEF0D83F0DAFFF2761FBCB575D75D53F8E9F9A1F3B76ECBBE29D7EC2AFFF515D5DDD2F85ED3F0CBBF83F101401E09D07C5B239A318834721B00D18144308B8340684EBAFBFFE9F85EDAFC4E010034478EE570B81E2D74278F8F518340A81E37D31801482C8BF0BDB0FC48012B61F0CAFFBED185CC2F677C3F6F762A029049B8F14824E0C3C1F2D04A018843E5E08463120FD4978EC4F63700ADBABC2F6EA18A8C2F633619B2B04AD18B86A0A012C06B11B0AC1EC73E1D7371602DB4DE1B19BC376620C74617B4BD84E89412F6CA786EDED8500188360432118C68078472130C6E0F8C542909C159EFB52BCD34D0C9A61FBBFC2F6FE42007D306CBF5A08A631A0FE4D0CAC85E0FA4821C8C640FB5821E0C6A0FB78A82762000EF5BD504F1582F1E2B07DA6109863707EAE10A463A05E5108D8AB43BD5008DEF1E7F962A80D8560FE77A1361602FB4FC2EBB714827C0CF4DB0A013F06FD9D85E01FFF01B0A7F00F82F80F83B650FB0BFF6088F725EF0C7FC69BF1DEE1A1DE2A5CD77A34D4B1502742F50A8A00F0CE8362D95CA3D8F7778AC12B86086F3D03005CD8A058769F7AEE932449757160F4D3020018DEA058B6DFA358F4778CD7CABDECA70500308C0A6FF35E903BB3DC7AEBADBD6772671600002E8078AFE7C20706DCEB190080FEE22765FB42DBEDB7DF3E2C67151B1A1A8A83E23C3F0500803294CBE52E2B7CBDC8C9E0B678F1E2F31A12972C59D2EF4BB6E3D7D8F829000094A9E20FB5D4D6D666DBB66D3B2F2171D7AE5DD90D37DCD05B141467EB3E0040198B77B428DCADE4ED0FB6C4EF393CD7DF9B3869D2A49EA22FD87E39FE77751F00A0CCC55BAA15BF051DC3E2B93AB318CF241687C4F8DF89FF3D5D07001821E2ADEA8AC3627C1B3A5EB3F88B7CC0255E9358F276F3F178CF60DD060018E161B1EFD3D01B376E3CEBAFC0993E7D7AE93D9B0F0989000023587C5BB8F89AC5E2B7A3E31D5C366CD870F2DED05D5D5D274361DCC66B1063988C775C29FE32EDE26B12BDDD0C00300AC40F9A143E0DDD551AFACEB28EC74F37FBE00A00C02813BF6731499239C5777039C3DA1BBF4C3B4DD3F7EB2200C028166FF757B837743CCBF86CA8ED0304C315E135F7C67B37BB2D1F00000000000000000000000000000000000000009C7BFF0F5E19E25F9A19678B0000000049454E44AE426082, 1);
INSERT INTO `act_ge_bytearray` VALUES ('6', 1, 'processes/LeavebillOr.bpmn', '5', 0x3C3F786D6C2076657273696F6E3D22312E302220656E636F64696E673D225554462D38223F3E0D0A3C646566696E6974696F6E7320786D6C6E733D22687474703A2F2F7777772E6F6D672E6F72672F737065632F42504D4E2F32303130303532342F4D4F44454C2220786D6C6E733A7873693D22687474703A2F2F7777772E77332E6F72672F323030312F584D4C536368656D612D696E7374616E63652220786D6C6E733A7873643D22687474703A2F2F7777772E77332E6F72672F323030312F584D4C536368656D612220786D6C6E733A61637469766974693D22687474703A2F2F61637469766974692E6F72672F62706D6E2220786D6C6E733A62706D6E64693D22687474703A2F2F7777772E6F6D672E6F72672F737065632F42504D4E2F32303130303532342F44492220786D6C6E733A6F6D6764633D22687474703A2F2F7777772E6F6D672E6F72672F737065632F44442F32303130303532342F44432220786D6C6E733A6F6D6764693D22687474703A2F2F7777772E6F6D672E6F72672F737065632F44442F32303130303532342F44492220786D6C6E733A746E733D22687474703A2F2F7777772E61637469766974692E6F72672F746573742220747970654C616E67756167653D22687474703A2F2F7777772E77332E6F72672F323030312F584D4C536368656D61222065787072657373696F6E4C616E67756167653D22687474703A2F2F7777772E77332E6F72672F313939392F585061746822207461726765744E616D6573706163653D22687474703A2F2F7777772E61637469766974692E6F72672F74657374222069643D226D3135393630313238303533393422206E616D653D22223E0D0A20203C70726F636573732069643D224C6561766562696C6C4F7222206E616D653D224C6561766562696C6C4F722220697345786563757461626C653D227472756522206973436C6F7365643D2266616C7365222070726F63657373547970653D224E6F6E65223E0D0A202020203C73746172744576656E742069643D225F3222206E616D653D2253746172744576656E74223E3C2F73746172744576656E743E0D0A202020203C757365725461736B2069643D225F3722206E616D653D22E68F90E4BAA4E794B3E8AFB7222061637469766974693A61737369676E65653D22247B757365726E616D657D223E3C2F757365725461736B3E0D0A202020203C757365725461736B2069643D225F3822206E616D653D22E7BB8FE79086E5AEA1E689B9223E0D0A2020202020203C657874656E73696F6E456C656D656E74733E0D0A20202020202020203C61637469766974693A7461736B4C697374656E6572206576656E743D226372656174652220636C6173733D22636F6D2E74646B6A2E53797374656D2E61637469766974692E706572736F6E5461736B2E5461736B4C697374656E6572496D706C223E3C2F61637469766974693A7461736B4C697374656E65723E0D0A2020202020203C2F657874656E73696F6E456C656D656E74733E0D0A202020203C2F757365725461736B3E0D0A202020203C757365725461736B2069643D225F3922206E616D653D22E680BBE7BB8FE79086E5AEA1E689B9223E0D0A2020202020203C657874656E73696F6E456C656D656E74733E0D0A20202020202020203C61637469766974693A7461736B4C697374656E6572206576656E743D226372656174652220636C6173733D22636F6D2E74646B6A2E53797374656D2E61637469766974692E706572736F6E5461736B2E5461736B4C697374656E6572496D706C223E3C2F61637469766974693A7461736B4C697374656E65723E0D0A2020202020203C2F657874656E73696F6E456C656D656E74733E0D0A202020203C2F757365725461736B3E0D0A202020203C656E644576656E742069643D225F313022206E616D653D22456E644576656E74223E3C2F656E644576656E743E0D0A202020203C73657175656E6365466C6F772069643D225F31312220736F757263655265663D225F3222207461726765745265663D225F37223E3C2F73657175656E6365466C6F773E0D0A202020203C73657175656E6365466C6F772069643D225F313222206E616D653D22E68F90E4BAA4E794B3E8AFB72220736F757263655265663D225F3722207461726765745265663D225F38223E3C2F73657175656E6365466C6F773E0D0A202020203C73657175656E6365466C6F772069643D225F313322206E616D653D22E4B88AE7BAA7E5A48DE6A0B82220736F757263655265663D225F3822207461726765745265663D225F39223E0D0A2020202020203C636F6E646974696F6E45787072657373696F6E207873693A747970653D2274466F726D616C45787072657373696F6E223E3C215B43444154415B247B6F7574636F6D653D3D27E4B88AE7BAA7E5A48DE6A0B8277D5D5D3E3C2F636F6E646974696F6E45787072657373696F6E3E0D0A202020203C2F73657175656E6365466C6F773E0D0A202020203C73657175656E6365466C6F772069643D225F313422206E616D653D22E5908CE6848F2220736F757263655265663D225F3822207461726765745265663D225F3130223E0D0A2020202020203C636F6E646974696F6E45787072657373696F6E207873693A747970653D2274466F726D616C45787072657373696F6E223E3C215B43444154415B247B6F7574636F6D653D3D27E5908CE6848F277D5D5D3E3C2F636F6E646974696F6E45787072657373696F6E3E0D0A202020203C2F73657175656E6365466C6F773E0D0A202020203C73657175656E6365466C6F772069643D225F313522206E616D653D22E5908CE6848F2220736F757263655265663D225F3922207461726765745265663D225F3130223E0D0A2020202020203C636F6E646974696F6E45787072657373696F6E207873693A747970653D2274466F726D616C45787072657373696F6E223E3C215B43444154415B247B6F7574636F6D653D3D27E5908CE6848F277D5D5D3E3C2F636F6E646974696F6E45787072657373696F6E3E0D0A202020203C2F73657175656E6365466C6F773E0D0A202020203C73657175656E6365466C6F772069643D225F313622206E616D653D22E694BEE5BC832220736F757263655265663D225F3722207461726765745265663D225F3130223E0D0A2020202020203C636F6E646974696F6E45787072657373696F6E207873693A747970653D2274466F726D616C45787072657373696F6E223E3C215B43444154415B247B6F7574636F6D653D3D27E694BEE5BC83277D5D5D3E3C2F636F6E646974696F6E45787072657373696F6E3E0D0A202020203C2F73657175656E6365466C6F773E0D0A202020203C73657175656E6365466C6F772069643D225F313722206E616D653D22E9A9B3E59B9E2220736F757263655265663D225F3822207461726765745265663D225F37223E0D0A2020202020203C636F6E646974696F6E45787072657373696F6E207873693A747970653D2274466F726D616C45787072657373696F6E223E3C215B43444154415B247B6F7574636F6D653D3D27E9A9B3E59B9E277D5D5D3E3C2F636F6E646974696F6E45787072657373696F6E3E0D0A202020203C2F73657175656E6365466C6F773E0D0A202020203C73657175656E6365466C6F772069643D225F313822206E616D653D22E9A9B3E59B9E2220736F757263655265663D225F3922207461726765745265663D225F37223E0D0A2020202020203C636F6E646974696F6E45787072657373696F6E207873693A747970653D2274466F726D616C45787072657373696F6E223E3C215B43444154415B247B6F7574636F6D653D3D27E9A9B3E59B9E277D5D5D3E3C2F636F6E646974696F6E45787072657373696F6E3E0D0A202020203C2F73657175656E6365466C6F773E0D0A20203C2F70726F636573733E0D0A20203C62706D6E64693A42504D4E4469616772616D2069643D2242504D4E4469616772616D5F4C6561766562696C6C4F72223E0D0A202020203C62706D6E64693A42504D4E506C616E652062706D6E456C656D656E743D224C6561766562696C6C4F72222069643D2242504D4E506C616E655F4C6561766562696C6C4F72223E0D0A2020202020203C62706D6E64693A42504D4E53686170652062706D6E456C656D656E743D225F32222069643D2242504D4E53686170655F5F32223E0D0A20202020202020203C6F6D6764633A426F756E6473206865696768743D2233352E30222077696474683D2233352E302220783D223332352E302220793D223130352E30223E3C2F6F6D6764633A426F756E64733E0D0A2020202020203C2F62706D6E64693A42504D4E53686170653E0D0A2020202020203C62706D6E64693A42504D4E53686170652062706D6E456C656D656E743D225F37222069643D2242504D4E53686170655F5F37223E0D0A20202020202020203C6F6D6764633A426F756E6473206865696768743D2235352E30222077696474683D2238352E302220783D223330302E302220793D223232302E30223E3C2F6F6D6764633A426F756E64733E0D0A2020202020203C2F62706D6E64693A42504D4E53686170653E0D0A2020202020203C62706D6E64693A42504D4E53686170652062706D6E456C656D656E743D225F38222069643D2242504D4E53686170655F5F38223E0D0A20202020202020203C6F6D6764633A426F756E6473206865696768743D2235352E30222077696474683D2238352E302220783D223330302E302220793D223333352E30223E3C2F6F6D6764633A426F756E64733E0D0A2020202020203C2F62706D6E64693A42504D4E53686170653E0D0A2020202020203C62706D6E64693A42504D4E53686170652062706D6E456C656D656E743D225F39222069643D2242504D4E53686170655F5F39223E0D0A20202020202020203C6F6D6764633A426F756E6473206865696768743D2235352E30222077696474683D2238352E302220783D223533352E302220793D223333352E30223E3C2F6F6D6764633A426F756E64733E0D0A2020202020203C2F62706D6E64693A42504D4E53686170653E0D0A2020202020203C62706D6E64693A42504D4E53686170652062706D6E456C656D656E743D225F3130222069643D2242504D4E53686170655F5F3130223E0D0A20202020202020203C6F6D6764633A426F756E6473206865696768743D2233352E30222077696474683D2233352E302220783D223332352E302220793D223437352E30223E3C2F6F6D6764633A426F756E64733E0D0A2020202020203C2F62706D6E64693A42504D4E53686170653E0D0A2020202020203C62706D6E64693A42504D4E456467652062706D6E456C656D656E743D225F3131222069643D2242504D4E456467655F5F3131223E0D0A20202020202020203C6F6D6764693A776179706F696E7420783D223334322E302220793D223134302E30223E3C2F6F6D6764693A776179706F696E743E0D0A20202020202020203C6F6D6764693A776179706F696E7420783D223334322E302220793D223232302E30223E3C2F6F6D6764693A776179706F696E743E0D0A2020202020203C2F62706D6E64693A42504D4E456467653E0D0A2020202020203C62706D6E64693A42504D4E456467652062706D6E456C656D656E743D225F3132222069643D2242504D4E456467655F5F3132223E0D0A20202020202020203C6F6D6764693A776179706F696E7420783D223334322E302220793D223237352E30223E3C2F6F6D6764693A776179706F696E743E0D0A20202020202020203C6F6D6764693A776179706F696E7420783D223334322E302220793D223333352E30223E3C2F6F6D6764693A776179706F696E743E0D0A20202020202020203C62706D6E64693A42504D4E4C6162656C3E0D0A202020202020202020203C6F6D6764633A426F756E6473206865696768743D2231342E30222077696474683D22302E302220783D22302E302220793D22302E30223E3C2F6F6D6764633A426F756E64733E0D0A20202020202020203C2F62706D6E64693A42504D4E4C6162656C3E0D0A2020202020203C2F62706D6E64693A42504D4E456467653E0D0A2020202020203C62706D6E64693A42504D4E456467652062706D6E456C656D656E743D225F3133222069643D2242504D4E456467655F5F3133223E0D0A20202020202020203C6F6D6764693A776179706F696E7420783D223338352E302220793D223336322E30223E3C2F6F6D6764693A776179706F696E743E0D0A20202020202020203C6F6D6764693A776179706F696E7420783D223533352E302220793D223336322E30223E3C2F6F6D6764693A776179706F696E743E0D0A20202020202020203C62706D6E64693A42504D4E4C6162656C3E0D0A202020202020202020203C6F6D6764633A426F756E6473206865696768743D2231342E30222077696474683D22302E302220783D22302E302220793D22302E30223E3C2F6F6D6764633A426F756E64733E0D0A20202020202020203C2F62706D6E64693A42504D4E4C6162656C3E0D0A2020202020203C2F62706D6E64693A42504D4E456467653E0D0A2020202020203C62706D6E64693A42504D4E456467652062706D6E456C656D656E743D225F3134222069643D2242504D4E456467655F5F3134223E0D0A20202020202020203C6F6D6764693A776179706F696E7420783D223334322E302220793D223339302E30223E3C2F6F6D6764693A776179706F696E743E0D0A20202020202020203C6F6D6764693A776179706F696E7420783D223334322E302220793D223437352E30223E3C2F6F6D6764693A776179706F696E743E0D0A20202020202020203C62706D6E64693A42504D4E4C6162656C3E0D0A202020202020202020203C6F6D6764633A426F756E6473206865696768743D2231342E30222077696474683D22302E302220783D22302E302220793D22302E30223E3C2F6F6D6764633A426F756E64733E0D0A20202020202020203C2F62706D6E64693A42504D4E4C6162656C3E0D0A2020202020203C2F62706D6E64693A42504D4E456467653E0D0A2020202020203C62706D6E64693A42504D4E456467652062706D6E456C656D656E743D225F3135222069643D2242504D4E456467655F5F3135223E0D0A20202020202020203C6F6D6764693A776179706F696E7420783D223537372E302220793D223339302E30223E3C2F6F6D6764693A776179706F696E743E0D0A20202020202020203C6F6D6764693A776179706F696E7420783D223537372E302220793D223439322E30223E3C2F6F6D6764693A776179706F696E743E0D0A20202020202020203C6F6D6764693A776179706F696E7420783D223336302E302220793D223439322E30223E3C2F6F6D6764693A776179706F696E743E0D0A20202020202020203C62706D6E64693A42504D4E4C6162656C3E0D0A202020202020202020203C6F6D6764633A426F756E6473206865696768743D2231342E30222077696474683D22302E302220783D22302E302220793D22302E30223E3C2F6F6D6764633A426F756E64733E0D0A20202020202020203C2F62706D6E64693A42504D4E4C6162656C3E0D0A2020202020203C2F62706D6E64693A42504D4E456467653E0D0A2020202020203C62706D6E64693A42504D4E456467652062706D6E456C656D656E743D225F3136222069643D2242504D4E456467655F5F3136223E0D0A20202020202020203C6F6D6764693A776179706F696E7420783D223330302E302220793D223234372E30223E3C2F6F6D6764693A776179706F696E743E0D0A20202020202020203C6F6D6764693A776179706F696E7420783D223134352E302220793D223234372E30223E3C2F6F6D6764693A776179706F696E743E0D0A20202020202020203C6F6D6764693A776179706F696E7420783D223134352E302220793D223336352E30223E3C2F6F6D6764693A776179706F696E743E0D0A20202020202020203C6F6D6764693A776179706F696E7420783D223134352E302220793D223439322E30223E3C2F6F6D6764693A776179706F696E743E0D0A20202020202020203C6F6D6764693A776179706F696E7420783D223332352E302220793D223439322E30223E3C2F6F6D6764693A776179706F696E743E0D0A20202020202020203C62706D6E64693A42504D4E4C6162656C3E0D0A202020202020202020203C6F6D6764633A426F756E6473206865696768743D2231342E30222077696474683D22302E302220783D222D34322E302220793D222D32382E30223E3C2F6F6D6764633A426F756E64733E0D0A20202020202020203C2F62706D6E64693A42504D4E4C6162656C3E0D0A2020202020203C2F62706D6E64693A42504D4E456467653E0D0A2020202020203C62706D6E64693A42504D4E456467652062706D6E456C656D656E743D225F3137222069643D2242504D4E456467655F5F3137223E0D0A20202020202020203C6F6D6764693A776179706F696E7420783D223330302E302220793D223336322E30223E3C2F6F6D6764693A776179706F696E743E0D0A20202020202020203C6F6D6764693A776179706F696E7420783D223235302E302220793D223336322E30223E3C2F6F6D6764693A776179706F696E743E0D0A20202020202020203C6F6D6764693A776179706F696E7420783D223235302E302220793D223330302E30223E3C2F6F6D6764693A776179706F696E743E0D0A20202020202020203C6F6D6764693A776179706F696E7420783D223235302E302220793D223234372E30223E3C2F6F6D6764693A776179706F696E743E0D0A20202020202020203C6F6D6764693A776179706F696E7420783D223330302E302220793D223234372E30223E3C2F6F6D6764693A776179706F696E743E0D0A20202020202020203C62706D6E64693A42504D4E4C6162656C3E0D0A202020202020202020203C6F6D6764633A426F756E6473206865696768743D2231342E30222077696474683D22302E302220783D222D34322E302220793D2232372E30223E3C2F6F6D6764633A426F756E64733E0D0A20202020202020203C2F62706D6E64693A42504D4E4C6162656C3E0D0A2020202020203C2F62706D6E64693A42504D4E456467653E0D0A2020202020203C62706D6E64693A42504D4E456467652062706D6E456C656D656E743D225F3138222069643D2242504D4E456467655F5F3138223E0D0A20202020202020203C6F6D6764693A776179706F696E7420783D223537372E302220793D223333352E30223E3C2F6F6D6764693A776179706F696E743E0D0A20202020202020203C6F6D6764693A776179706F696E7420783D223537372E302220793D223234372E30223E3C2F6F6D6764693A776179706F696E743E0D0A20202020202020203C6F6D6764693A776179706F696E7420783D223338352E302220793D223234372E30223E3C2F6F6D6764693A776179706F696E743E0D0A20202020202020203C62706D6E64693A42504D4E4C6162656C3E0D0A202020202020202020203C6F6D6764633A426F756E6473206865696768743D2231342E30222077696474683D22302E302220783D22302E302220793D22302E30223E3C2F6F6D6764633A426F756E64733E0D0A20202020202020203C2F62706D6E64693A42504D4E4C6162656C3E0D0A2020202020203C2F62706D6E64693A42504D4E456467653E0D0A202020203C2F62706D6E64693A42504D4E506C616E653E0D0A20203C2F62706D6E64693A42504D4E4469616772616D3E0D0A3C2F646566696E6974696F6E733E, 0);
INSERT INTO `act_ge_bytearray` VALUES ('7', 1, 'processes/LeavebillOr.LeavebillOr.png', '5', 0x89504E470D0A1A0A0000000D49484452000002A0000002240806000000C11D990B00001E684944415478DAEDDD5D7094E5A107F05E70C185175E78E18517CE9C5E74A667A6E7820B2F7A91E974CEF1C29E3A53C366596CB753492DD029B4A5D294F801CD408B33D228454EED976D15C7C3471B05DA0002991086686B310C56306A422409622282091FC97BDE2727EB2C211B08D9DD6CB2BFDFCC336A362AF33CF9EFF3CFBBEFC7673E030000000030AB2DABDF178D376EF47500009874019DE86BD77B1D000014500000145000005040010050400100288302EA2A7800000000000000000000000000000000000000000000000000000000000000000000000000000000000000000000000000000000000000008072B3AC7E5F34DE28D6EB00009461019DE86B857E1D000005540105004001050040015540010050400100980105D455F0000000000000000000000000000000000000000000000000000000000000000000000000000000000000000000000000000000000000DC9465F5FBA2F1C68DBE0E0000932EA0137DED7AAF030080020A0080020A00000A2800000A2800006550405D050F000000000000000000000000000000000000000000000000000000000000000000000000000000000000000000000000000000000000000000000000000000000000000000000000000000000000000000000000000000000000000000000000000000000000000000000000000000000000000000000000000000000000000000000000000000000000000000000000000000000000000000000000000000000000000000000000000000000000000000000000000000C5F2E8A38FDEBA71E3C69FAE59B3E6D5DADADA338B172FBE944AA5A2AAAAAA91515D5D7DE5473FFA51DFEAD5AB5FFFE52F7FB979D5AA55FF66D6000098B4BABABAFF7AE49147FEB170E1C2E1B878463B76EC888E1E3D1AF5F6F64657AE5C8932CE9E3D1BBDF9E69BD1EEDDBBA3C71F7F3C0ADF1F17D2CEF8DFA9AEA8A8986326010098D0B265CBEEFCF18F7FFCFA030F3C30FCE28B2F8E14CCC9B874E952D4DCDC1CAD5AB56A78F1E2C5DD8B162DFA6FB30A00C0B86A6B6B977EEB5BDFBAFCFBDFFF3EBA70E1423455ADADAD515C402F3DF8E0833B2A2B2B6F31C300007C6AE5CA959B972C5972E5B5D75E8BF2E9DCB973D1C68D1B2FA5D3E9F7E3127ABB99060060A47C2E5DBA74289CDF5928CF3DF7DCD0C2850B3F8A4BE867CD380040190B1FBB87239F852C9F197FFEF39F07E312DAE548280040990A171C85733E5F7FFDF5A858FEF4A73FBDBF60C182BFB8421E00A00CAD5CB9F28D70C151B17DEF7BDF7B3F91482CB50200006524DCE733DC6A291F57BB4F565757D795050B167C984C266FB31200006522DC647EDBB66DD17459B76EDDB1B880AEB512000065203C5E333CB168B23799CFF351D0DEB8807EE05C50008032B069D3A6B5E1F19AD3ED3BDFF9CEBFE212FA452B020030CBAD59B3E6D5868686692FA01B366C68F6313C004019A8ADAD3D73F4E8D1692FA0870F1F7EBDAAAAEA152B020030CB2D5EBCF852316E3C7F3DDDDDDDA7E3027ADA8A0000CC72A9542ABA72E54A540AE2021A59110080592E94BE52A180020094014740010028AA523907F4CC9933EF3B071400A00CFCE4273FF9E0D8B163A572157C9315010098E5C27D4077EEDC5912F7018D0BE87A2B020030CB6DDCB8F1F1BABABA692FA04B972E6D8B0B688515010098E556AC5871FB37BEF18DE10B172E4CE73D40C3B3E0CFA7D3E9B9560400A00C3CF4D04327F7EFDF3F6D05F4A9A79E7A359148FCCA4A00009489952B57267FF8C31F0E4DC7ED982E5CB87079C182051FA652A93BAC0400401959BC787177535353D10BE89A356B8E5655553D69050000CA4C7575F57F2E5AB4E8525F5F5FD1CAE7DFFFFEF713C964F2646565E52D560000A00C3DF8E083FFBB61C386CBC5F828FEFDF7DFBF103E7A9F3F7FFE97CD3C004099AAA8A898F3CD6F7EF39D679F7DF65221CB676F6FEF95743AFD7E32995C66D60100CA5C5C0A6FBBFFFEFBCF6EDBB6ED62A18E7C8E96CFB5661B008011E18AF4850B1776FDE637BFE9CEF7399FE16377473E0100B84638121A97C5BF84ABE3DF7BEFBDC1A9DE6A295CED1E2E3872CE270000134A24124BE322DAF3D39FFEF48DB7DF7EBB7BB24F38DAB871636B38EA595555B5C9D5EE0000DC90501CE302F9683C3AABABABFFF5F39FFFBCE595575EF97B4747C77BD985F3ECD9B33D870F1F7E7DC3860DCDE1D9EEE1F19AE109476E320F00C04D8B0BE55DA36574573CDE89C7E57844A3E3743C5AE2B13E1E159EED0E0040C184026A1600005040010050400100400105004001050000051400000514000005140000145000001450000050400100504001004001050040010500400105000005140000051400001450000014500000504001005040010050400100400105004001050000051400000514000005140000145000001450000050400100504001004001050040010500400105000005140000051400001450000014500000504001005040010050400100400105004001050000051400000514000005540105004001050040010500000514000005140000145000001450000014500000504001005040010040010500400105000005140000051400000514000014500000145000005040010050400100400105004001050040010500000514000005140000AE2D9B0DA1705E67B49A290000F25540E7C5E3F24405349148DC63A60000C86709DD3541016DA9A8A89863960000C867019D97AB802693C97BCD1000008528A1E39D0BDAEAE8270000852AA0D79C0BEADC4F00000A2A2E9CDB1DFD0400A09805F4AEAC733FEF36230000145CE65C50473F01002856019DE749480000B340144573DADBDB5F3C7CF8F0D0DEBD7BA3C6C646E326C69E3D7BA283070F7E108F857EAA00002610CA67535353D4DBDB1B5DBC78D198C23873E64C74E0C0818FE2327A9F9F2C00801CC2914FE533AF25F4626363E3713F59000039848FDD15C7FC8EB8805EF69305009043387F5169CC7B0175B11400C0540BE8F9FED3517BEB6FA3637B568F8CF0F7E16B0AA7020A0090F702FA715F57D4F6D7DAE89F2FAFB86A84AF85D7944E05140020AF05B4F3D85FAE299F9971EA5883D2A9800200E4B7801E7FE567390B68784DE954400100F25A40DB1A1FCD5940C36B4AA7020A00A0802AA0000033B78086ABDE7315D0F09AD2A9800200E4B5809E687E2A67010DAF299D0A2800405E0BE8D9AEA351DBDF1EB9F6E3F7F86BE135A553010500C86B010DE39D579FBDA68086AF299C0A280040FE0BE8E06074E2D0A66B3F7E8FBF165E533A15500080BC15D0F0A4A3B79A9FCC790E6878CDD39014500080A917D0C1C1E8F4897DD11BBB6B7296CFCC08DF13BED7D150051400E0A60AE8F58E7A3A1AAA800200E4B580DEC851CF898E862AA00A2800C0A40AE8CD96CFCC5040155000A08C555454CC996C01351450008049FBFAD7BF7E60EFDEBD6DCDCDCDD1AA55AB7E90AB882AA0C52FA0555555F31289C4763FA500C0ACD1D1D1511B979C288CBABABAA8ADADEDF2962D5B4E2C59B2E4F30AE8F415D0503CE3D1108FCB616DFCA4020033DEF9F3E7BFD0D3D3F36E14CB14D0CC58BB766DB46FDFBE8BEBD6AD7B3A9D4ECF55408B5740C716CFCCF0130B00CC5871DF9CDBD9D9F987A1A1A1E168D4D8029A754474F877BFFB5DFFF2E5CBBFA28016B680261289BBC247ED638BA7020A00CC683D3D3D5FEBEFEFFF281A235701CD8CD5AB570FC565B4B5A1A14169CCF378FEF9E7A3F18E782AA00094B4EB9507C3C8E7E8EA72F3F87C0E3F5346B90FBB38CCE0026A16ACD18D48A55277545757BF74E8D0A1D3C3C3C357AE7704B4A6A6267AE9A5970EC4FFCEFEF0F1704C692CD047F0F3E7CFFF723CE72D3669BC370202CCAC5CA3643279EF638F3DD6D9D7D7D73B5E010DC5B3B9B9F9BD4D9B36FD3AFEE713E1FBC3BF371DE780C6FFDB7147B15E2FF64548F15CDF1DCF7993028AF746408099756B545959794B2A95FAC5D6AD5B7B3325A7B6B6363A72E4C8A5E3C78FFF4FFC5A5B229178229D4EDF9AF977A6AB804EF4B542BF3E5DB7611A3D22DAA480E2BD11106066DD1A85DBFE2C5CB8F093868686B3E7CE9D3B585353F3C2E847C1F3C67EAF025AFC1BD18F1E116D9122BC370202CCAC5AA3F0E4A3B8E82C0B7FCEF0D7527A1252B91750F0DE080830B37A8D4AF159F00A28786F040498325E2305540105EF8D80005B2305540105EF8D8000A380BA0D93020AF62F1060ACD18C2DA0E572237AF0DE080830D648015540C17B2320C0D648015540C17B2320C028A086020AF62F1060AC9102AA8082F7464080AD91026A28A060FF0201C61A29A00A28786F0404D81A29A00A28786F0404186BA4802AA0E0BD1110606BA4802AA0E0BD1110601450430105FB170830D648015540C17B2320C0D64801351450B07F8100638D14500514BC3702026C8D14500514BC3702024C99AFD1DEBD7B95C6FC8E81B8805E9610BC3702028C35CAE1E0C183A77B7B7B15C73C8DAEAEAE2D71013D2E21786F0404186B94C3BE7DFBBEBA7FFFFEFE9E9E9E4F14C8A91DF90CE573CF9E3DEFC5E33E09C17B2320C058A309C485E99EC6C6C6D6F0D171387FB1544798F312FEF385B93BAE7CE2BDD1FE05028C3532E7809C02026C8D30E720A78000638DCC3920A720C066C11A61CE414E0101C61A9973404E4180B146E61C90534080AD11E61CE4141060AC913907E41410606B843907390504186B64CE01390501C61A61CE414E0101B646D6C89C03720A028C3532E7809C02026C8D30E720A78000638DCC3920A780005B23CC39C82920C05823730EC8290830D6C89C03720A08B035C29C03720A028C3532E7809C02026C8D30E720A78000638DCC3920A780005B23CC39C82920C05823730EC8290830D6C89C03720A08B035C29C839C02028C3532E7809C02026C8D30E720A78000638DCC3920A720C05823CC39C82920C05823730EC8290830D6C89C03720A08B035C29C839C02028C3532E7809C02026C8D30E720A78000638DCC3920A720C05823736ECE414E0101B6469873404E4180B146E61C90534080AD11E61CE4141060AC913907E41410606B843907390504186B64CE01390501C61A9973A0F4F4F4F47CADBEBE3E8AB37AA7D9001B2DD6C89C03051545D1DC0F3FFCB02F16555757BF6446C0468B3532E74041757676FE211A75E8D0A1AE643279AF59011B2DD6C89C030571FEFCF92F0C0D0D0D4759EAEAEA3AD3E9F4AD66076CB45823730EE45D7777777B34467F7F7F772A95FA85D9011B2DD6C89C0379D5D1D1511BE5B07DFBF6EE38B7F3CC12D868B14633657E1BC21C5F67B49A29983E71C7BC7D7070F052AE023A3C3C7C71F9F2E5472B2A2AE6982D506EB04633617EE7C5E3F24405349148DC63A660FA9C3A75AA25BA8EF6F6F6CE6432B9CC6C817283359A2973BC6B8202DAE2A80A4CAFE6E6E6EBF5CF686060607FC86C3A9D9E6BC640B9C11ACD84399E97AB80BAC50B4CBF871F7E78C9441FC187FE595353F38223A0A0DC608D66DA3C8F772E68ABA39F501AB66CD9F2AF5CEDF3E4C9934FFBB402941BACD14C9CE76BCE0575EE27948ECACACACFC64573609C0B90DA52A9549BABE041B9C11ACD4871E1DCEEE82794AEF5EBD73F1917CEA1EC02FACC33CFFC3ACEEE136607941BACD14C2DA077659DFB79B71981D2127E29DCBD7B776FD64DE89F8BF37AC2939040B9C11ACDF4F91E3917D4D14F284D4B972EFD525F5FDF603CA2EAEAEA3D2E1404E5066B341BE67B9E3987D2B679F3E65DF5F5F5E13CEDED6603941BAC514E5114CD696F6F7FF1F0E1C3437BF7EE8D1A1B1B8D9B187BF6EC890E1E3CF8413C164A07E59AD5975F7E79E45499AD5BB7CA2A283758A3DCC286D6D4D414F5F6F646172F5E34A630CE9C39131D3870E0A37883BB4F4228D7AC767575C92A283758A38985A329CA675E37B68B8D8D8DC72504599555506EB04639848FF26C46F91DF1A676594290555905E5066B94433827CA4694F74D4D7E91555905E5066B34D54DED7CFFE9A8BDF5B7D1B13DAB4746F8FBF0359B984D0D599555506EB04679DFD43EEEEB8ADAFE5A1BFDF3E515578DF0B5F09A8DCCA686ACCA2A283758A3BC6E6A9DC7FE72CD869619A78E35D8C86C6AC8AAAC82728335CAEFA676FC959FE5DCD4C26B36329B1AB22AABA0DC608DF2BAA9B5353E9A73530BAFD9C86C6AC8AAAC82728335B2A9D9D450406555564101B5463377530B57D2E6DAD4C26B36329B1AB22AABA0DC608DF2BAA99D687E2AE7A6165EB391D9D490555905E5066B94D74DED6CD7D1A8ED6F8F5CFB915EFCB5F09A8DCCA686ACCA2A283758A3BC6E6A61BCF3EAB3D76C6AE16B36319B1AB22AABA0DC608DF2BFA90D0E46270E6DBAF623BDF86BE1351B994D0D599555506EB04679DBD4C2D353DE6A7E32E77965E1354F58B1A921ABB20ACA0DD668EA9BDAE06074FAC4BEE88DDD353937B4CC08DF13BED711169B1AB22AABA0DC608D6E6A53BBDE911447586C6AC8AAAC82728335CAEBA676234752263AC26253B3A921ABB20ACA0DD668529BDACD6E68996153B3A921ABB20ACA0D65BC461515157326BBA919363566460135641514506B5452A228BAFDD4A9532DCDCDCDD1AA55AB7E90AB88DAD48ABFA95DEF970290550514941B66DC1A757474D40E0C0C5C8E460D0E0E5EDAB265CB89254B967CDEA6367D9BDA8DFE5240794926938DF1F8A202AA808272C38C5CA3F3E7CF7FA1A7A7E7DD288777DE796760DDBA754FA7D3E9B936B5E26E6A93F9A580F27B2F092314D14422719702AA808272C38C58A3B8CFCCEDECECFCC3D0D0D070741DC3C3C343BB77EFFE60F9F2E55FB1A9157E53BB995F0A28CF029A35768D77445456155050402999358ACBCDD7FAFBFB3F8A26A9AFAF6F70D3A64D7B1B1A1A6C4405D8D4A6F24B01655F403F3D229A5D44155005141450726E1AC51EF5F5F5A14C4637514047FEDDF0DFE8EA7243EA7C8E23478E4453F9A5202E1DB74998F792EC23A2E1A37905540105059492914AA5EEA8AEAE7EE9D0A143A7878787AFDC48D189CBD173DFFEF6B75F8937B5ED311B511E4728F3F9F8A5C030C60E05540105059492934C26EF7DECB1C73AE312D33BC147BD6D9B376FFE55FCF375227C7FF8F7A663538BFFB7E38E62BD5EE8B163C78E682ABF14C4EB73A79F684740E3D11AFF3CDC93B95B4231B23ADDD92C767615505040C983CACACA5B52A9D42FB66EDDDA3B3434F44956BF193879F2E4D3F16B6DF186F6443A9DBE35F3EF4C57019DE86B857EBD5847556EF69702CABE805E553C8B99D5E9CE66B1B3AB8082024A7E7F7EE62D5FBEFC687B7B7BD7279F7C72A0A6A6E685F86B2DE1EB63BF57012DECA67633BF1450B605B425FC12329D0F8D5040C11B9250302561138B37B365A357D32E2BA52721955301BD995F0A28BBF7FB718F782AA00A2828A0CCE8223ADD9B9A023AB95F0A400155404101C5A6A6807A163C0AA8020A0A2828A033B7808202AA8082028A4DCD6D986C6AC8AADB30010A28B3B980BAB935C8AAAC82028A4DCDB0A921ABB20A0AA8028A4DCDA606B22AABA0806253336C6AC8AAAC82020A36359B1AB26AC82A28A0D8D46C6A20ABB20A0A28D8D46C6AC8AA21ABA0806253B3A981ACCA2A28A0D8D40C9B1AB22AABA080824DCDA686ACCAAAAC82028A4DCDB0A921ABB20A0A28D8D46C6AC8AA21ABA0806253B3A981ACCA2A28A06053B3A921AB86AC82028A4DCDA606B22AABA0805216F6EEDD6B23CAEF188837B5CB7EB2905559050514723878F0E0E9DEDE5E9B519E465757D79678533BEE270B599555504021877DFBF67D75FFFEFDFD3D3D3D9FCC800DA3A48FA6840D6DCF9E3DEFC5E33E3F59946B564B3CA7B20A0A28A5227E13BEA7B1B1B1357C1C15CE892AC571E4C891A8BEBE3EDABE7D7B54A27FC63077C76D6894735667404E65151450B8315114CDFDF0C30FFB62517575F54B6604E4145040A1A03A3B3BFF108D3A74E850573299BCD7AC809C020A2814C4F9F3E7BF303434341C65A9ABABEB4CA7D3B79A1D9053400185BCEBEEEE6E8FC6E8EFEFEF4EA552BF303B20A780020A79D5D1D1511BE5B07DFBF6EE3827F3CC12C829A080425EC47BD7ED83838397726D6CC3C3C317972F5F7EB4A2A2628ED9023905145098B253A74EB544D7D1DEDEDE994C2697992D9053400185296B6E6EBEDEBE160D0C0CEC0F5949A7D373CD18C829A080C2943CFCF0C34B26FA682FEC6B3535352F38B202720A28A090375BB66CF957AE5DEDE4C9934FC73969716E19C829A08042DE5456567E36DEC006C6B9B0A12D954AB5B9BA16E414504021EFD6AF5FFF64BC910D656F6CCF3CF3CCAF1389C4136607E414504021EFC24777BB77EFEECDBAB9F573713E4E78C20AC829A08042C12C5DBAF44B7D7D7D83F188AAABABF778C634C829A08042C16DDEBC79577D7D7D944824B69B0D9053400185820B1FE5855C840B1ECC06C829A080825C00720A020C7201C82920C0201720A78000835C00720A0830C805C82920C02017809C8200835C00720A0830C805C82920C02017809C02020C7201720A0830C80520A720C0805C809C02020C7201C8290830C80520A78000835C809C02020C7201C82920C0201720A78000835C00720A020C72211720A78000835C00720A020C7201C82920C0201720A78000835C00720A0830C805C82920C02017809C8200835C00720A0830C80520A720C02017809C02020C7201720A0830C80520A720C0020C7201720A0830C80520A720C02017809C02020C7201720A0830C80520A78000835C809C02020C7201C8290830201720A78000835C00720A020C7201C82920C0201720A78000835C00720A0830C805C82920C02017809C8200835C00720A0830C80520A720C02017809C02020C7201720A0830C80520A78000835C809C02020C7201C8290830C80520A78000835C809CCA290830C80520A78000835C809C02020C7201C8290830201720A78000835C00720A020CB333030D2107D719AD660AEC5F800043BE32302F1E97272AA08944E21E3305F62F4080219F39D83541016DA9A8A8986396C0FE050830E43307F37215D0643279AF1902FB1720C050882C8C772E68ABA39F60FF0204180A95856BCE0575EE27D8BF000186828A0BE776473FC1FE05083014B380DE9575EEE7DD6604EC5F800043313231722EA8A39F60FF020418F22A994CDE964824E20854AD8FC72BF1E81C7301D2E9700BA6F87B7E157FEF03F1DFDF69D6C0FE0508304CDAFCF9F3BF3C7AAEE7C00D3C01297B840B945AE291767414EC5F8000C38DFCAC87ABDC5B27593A738DE3E1A8A85905FB1720C030AEB82CAE1D7B8BA5542A15AD5DBB367AF1C517A363C78E45A74F9F8E060606A2E0D2A54B516F6F6FF4D65B6F45DBB66D1BF9BEFBEFBF7FBC22BA2BFEEFDC6186C1FE0508308CA8ACACBC65F4FCCE4F4B633A9D8EFEF8C73F8E14CCC9B870E142B463C78E68D9B265639F13DF17FFB5C26C83FD0B106094CF503E9BB2CB626D6DEDC891CEA9B872E54AB473E7CE9123A859FFED8FE3719F5907FB1720C094F7CFF655473EC347EDA13CE64B575757B462C58AEC123AE0C94960FF02049832357ACEE7A7E5F0F0E1C35121847346C3F9A1D94742E3FFF7E7AC00D8BF0001A6BC7EA6AF7AA67B38F25948E182A5BABABAABEE1F1AEE316A25C0FE05083065229148FC23FB9CCF7C7EEC9ECBB973E7A2458B16655F98F4849500FB1720C094817093F9ECABDDA77AC1D164BCF6DA6B632F4ABAD38A80FD0B106066FFCF7343A604865B2D15DBE38F3F9E5D42D75B11B07F0102CC2C16CEBBCC3C5E33DC2269B2F7F9CC87B7DF7EFBAAFB83A6D3E95BAD0CD8BF0001666696CBC6787C71A2EF890B5F55A6FC852BD3A74BF68DEAE33FF3BD13646F5E7826BDD505FB17083094E8CFE968A16B8C4BDB5D39BE677DB1AE7C9FC80B2FBC30E1C548A357E93764AED4B7BA60FF020186122EA0D9CF601F7B4434FBC6F36FBEF9E6B415D070CFD1ECC29CAB786686D505FB170830CC8C02FA69C1CB14D1F89F3B335F2FE6D5EF637574745C754FD070C4367CD43EB6782AA060FF020186195840B38F8866FF737842D1740937A61FF367BB3CD19FDDEA82FD0B6CEC86310BC674B30686519C611707603A7E516A4D2412F7545454CC29D523A0A337C76FB1810200CCEC02FA69F1CCFA9E923C0734F3E74B269377C7FFDCA4800200CCAC02DA12EEAD995D3CB3BEA7A4AF82CF183D22DAA4800200947601BDE688E738DFF36429DC0734FCBFB30AF393B9FEBCA347445BAC2E00C00C1517BA85A5F024A4152B566417D0FBAC0C00C02C954AA5EEC87E16FCB973E7A6FBFCCF81F07C7A2B0300308B659F07BA6DDBB6A217D04D9B366517D0DF5A110080592EFB63F8C58B1717F5764C5D5D5D23475E33FFFF050B16FC8715010098E546EF07FA46A604EED8B1A3680574F5EAD59F96CFF0E84DAB01005026B28F82862392EFBEFB6EC1CBE7CE9D3BAF7AF4665C40FFDD4A00009491B80436640AE1F7BFFFFDE8C2850B052B9FCDCDCD577DF41E8F07AD00004099A9ACACBC3D2E826732A5B0AEAE6EE4119985289FE974DA854700007CE6338944E2AE78F465CA613847F3ECD9B379FDD87DCC91CF5D71F1BDC5CC030094B1F0D8CECCBD41C308472BC3A332A77AB5FB238F3C32F6D9F4CA270000FF6FF4D9EB1F6717C6F0A4A4C93E2F3EDC643EDCE773CC51CF918FDD954F0000AE924C263F1717C5CE31C531FAEE77BF1B3DFFFCF3515353D3C8D5F299F344C35F43E10C474BC3B3DD1F7AE8A1B1A573E46A77171C01009053384A1917D1B5638F86DECC08F7F974AB2500006EC8E833E3D7645FA07483239C4BFA5B4F380200E0A6A4D3E9B9A3E787AE0F17118DF311FDE96432D918FFF5C9B8AC56C57F7F9B590300000000000000000000000000000000000000008099EDFF00AFDDDA1FB08BE7AD0000000049454E44AE426082, 1);

-- ----------------------------
-- Table structure for act_ge_property
-- ----------------------------
DROP TABLE IF EXISTS `act_ge_property`;
CREATE TABLE `act_ge_property`  (
  `NAME_` varchar(64) CHARACTER SET utf8 COLLATE utf8_bin NOT NULL,
  `VALUE_` varchar(300) CHARACTER SET utf8 COLLATE utf8_bin NULL DEFAULT NULL,
  `REV_` int(0) NULL DEFAULT NULL,
  PRIMARY KEY (`NAME_`) USING BTREE
) ENGINE = InnoDB CHARACTER SET = utf8 COLLATE = utf8_bin ROW_FORMAT = Dynamic;

-- ----------------------------
-- Records of act_ge_property
-- ----------------------------
INSERT INTO `act_ge_property` VALUES ('next.dbid', '52501', 22);
INSERT INTO `act_ge_property` VALUES ('schema.history', 'create(5.22.0.0)', 1);
INSERT INTO `act_ge_property` VALUES ('schema.version', '5.22.0.0', 1);

-- ----------------------------
-- Table structure for act_hi_actinst
-- ----------------------------
DROP TABLE IF EXISTS `act_hi_actinst`;
CREATE TABLE `act_hi_actinst`  (
  `ID_` varchar(64) CHARACTER SET utf8 COLLATE utf8_bin NOT NULL,
  `PROC_DEF_ID_` varchar(64) CHARACTER SET utf8 COLLATE utf8_bin NOT NULL,
  `PROC_INST_ID_` varchar(64) CHARACTER SET utf8 COLLATE utf8_bin NOT NULL,
  `EXECUTION_ID_` varchar(64) CHARACTER SET utf8 COLLATE utf8_bin NOT NULL,
  `ACT_ID_` varchar(255) CHARACTER SET utf8 COLLATE utf8_bin NOT NULL,
  `TASK_ID_` varchar(64) CHARACTER SET utf8 COLLATE utf8_bin NULL DEFAULT NULL,
  `CALL_PROC_INST_ID_` varchar(64) CHARACTER SET utf8 COLLATE utf8_bin NULL DEFAULT NULL,
  `ACT_NAME_` varchar(255) CHARACTER SET utf8 COLLATE utf8_bin NULL DEFAULT NULL,
  `ACT_TYPE_` varchar(255) CHARACTER SET utf8 COLLATE utf8_bin NOT NULL,
  `ASSIGNEE_` varchar(255) CHARACTER SET utf8 COLLATE utf8_bin NULL DEFAULT NULL,
  `START_TIME_` datetime(3) NOT NULL,
  `END_TIME_` datetime(3) NULL DEFAULT NULL,
  `DURATION_` bigint(0) NULL DEFAULT NULL,
  `TENANT_ID_` varchar(255) CHARACTER SET utf8 COLLATE utf8_bin NULL DEFAULT '',
  PRIMARY KEY (`ID_`) USING BTREE,
  INDEX `ACT_IDX_HI_ACT_INST_START`(`START_TIME_`) USING BTREE,
  INDEX `ACT_IDX_HI_ACT_INST_END`(`END_TIME_`) USING BTREE,
  INDEX `ACT_IDX_HI_ACT_INST_PROCINST`(`PROC_INST_ID_`, `ACT_ID_`) USING BTREE,
  INDEX `ACT_IDX_HI_ACT_INST_EXEC`(`EXECUTION_ID_`, `ACT_ID_`) USING BTREE
) ENGINE = InnoDB CHARACTER SET = utf8 COLLATE = utf8_bin ROW_FORMAT = Dynamic;

-- ----------------------------
-- Records of act_hi_actinst
-- ----------------------------
INSERT INTO `act_hi_actinst` VALUES ('10023', 'LeavebillOr:1:8', '10021', '10021', '_2', NULL, NULL, 'StartEvent', 'startEvent', NULL, '2020-08-05 17:22:32.334', '2020-08-05 17:22:32.340', 6, '');
INSERT INTO `act_hi_actinst` VALUES ('10025', 'LeavebillOr:1:8', '10021', '10021', '_7', '10026', NULL, '', 'userTask', '', '2020-08-05 17:22:32.340', '2020-08-05 17:22:32.683', 343, '');
INSERT INTO `act_hi_actinst` VALUES ('10030', 'LeavebillOr:1:8', '10021', '10021', '_8', '10031', NULL, '', 'userTask', '', '2020-08-05 17:22:32.683', '2020-08-07 10:29:12.309', 147999626, '');
INSERT INTO `act_hi_actinst` VALUES ('12502', 'LeavebillOr:1:8', '12501', '12501', '_2', NULL, NULL, 'StartEvent', 'startEvent', NULL, '2020-08-05 17:26:15.118', '2020-08-05 17:26:15.162', 44, '');
INSERT INTO `act_hi_actinst` VALUES ('12504', 'LeavebillOr:1:8', '12501', '12501', '_7', '12505', NULL, '', 'userTask', '', '2020-08-05 17:26:15.162', '2020-08-05 17:26:15.577', 415, '');
INSERT INTO `act_hi_actinst` VALUES ('12509', 'LeavebillOr:1:8', '12501', '12501', '_8', '12510', NULL, '', 'userTask', '', '2020-08-05 17:26:15.577', NULL, NULL, '');
INSERT INTO `act_hi_actinst` VALUES ('15002', 'LeavebillOr:1:8', '15001', '15001', '_2', NULL, NULL, 'StartEvent', 'startEvent', NULL, '2020-08-05 17:33:49.526', '2020-08-05 17:33:49.539', 13, '');
INSERT INTO `act_hi_actinst` VALUES ('15004', 'LeavebillOr:1:8', '15001', '15001', '_7', '15005', NULL, '', 'userTask', '', '2020-08-05 17:33:49.540', '2020-08-05 17:33:49.941', 401, '');
INSERT INTO `act_hi_actinst` VALUES ('15009', 'LeavebillOr:1:8', '15001', '15001', '_8', '15010', NULL, '', 'userTask', '', '2020-08-05 17:33:49.941', NULL, NULL, '');
INSERT INTO `act_hi_actinst` VALUES ('17502', 'LeavebillOr:1:8', '17501', '17501', '_2', NULL, NULL, 'StartEvent', 'startEvent', NULL, '2020-08-05 17:38:07.794', '2020-08-05 17:38:07.806', 12, '');
INSERT INTO `act_hi_actinst` VALUES ('17504', 'LeavebillOr:1:8', '17501', '17501', '_7', '17505', NULL, '', 'userTask', '', '2020-08-05 17:38:07.806', '2020-08-05 17:38:08.185', 379, '');
INSERT INTO `act_hi_actinst` VALUES ('17509', 'LeavebillOr:1:8', '17501', '17501', '_8', '17510', NULL, '', 'userTask', '', '2020-08-05 17:38:08.185', NULL, NULL, '');
INSERT INTO `act_hi_actinst` VALUES ('20002', 'LeavebillOr:1:8', '20001', '20001', '_2', NULL, NULL, 'StartEvent', 'startEvent', NULL, '2020-08-05 17:39:41.495', '2020-08-05 17:39:41.508', 13, '');
INSERT INTO `act_hi_actinst` VALUES ('20004', 'LeavebillOr:1:8', '20001', '20001', '_7', '20005', NULL, '', 'userTask', '', '2020-08-05 17:39:41.508', '2020-08-05 17:39:41.860', 352, '');
INSERT INTO `act_hi_actinst` VALUES ('20009', 'LeavebillOr:1:8', '20001', '20001', '_8', '20010', NULL, '', 'userTask', '', '2020-08-05 17:39:41.861', NULL, NULL, '');
INSERT INTO `act_hi_actinst` VALUES ('2502', 'LeavebillOr:1:8', '2501', '2501', '_2', NULL, NULL, 'StartEvent', 'startEvent', NULL, '2020-08-05 10:30:05.667', '2020-08-05 10:30:05.710', 43, '');
INSERT INTO `act_hi_actinst` VALUES ('2504', 'LeavebillOr:1:8', '2501', '2501', '_7', '2505', NULL, '', 'userTask', '', '2020-08-05 10:30:05.710', '2020-08-05 10:30:06.169', 459, '');
INSERT INTO `act_hi_actinst` VALUES ('2509', 'LeavebillOr:1:8', '2501', '2501', '_8', '2510', NULL, '', 'userTask', '', '2020-08-05 10:30:06.169', '2020-08-05 10:31:36.159', 89990, '');
INSERT INTO `act_hi_actinst` VALUES ('2513', 'LeavebillOr:1:8', '2501', '2501', '_9', '2514', NULL, '', 'userTask', '', '2020-08-05 10:31:36.159', '2020-08-05 10:31:59.032', 22873, '');
INSERT INTO `act_hi_actinst` VALUES ('2517', 'LeavebillOr:1:8', '2501', '2501', '_10', NULL, NULL, 'EndEvent', 'endEvent', NULL, '2020-08-05 10:31:59.032', '2020-08-05 10:31:59.032', 0, '');
INSERT INTO `act_hi_actinst` VALUES ('30002', 'LeavebillOr:1:8', '30001', '30001', '_2', NULL, NULL, 'StartEvent', 'startEvent', NULL, '2020-08-05 17:53:14.198', '2020-08-05 17:53:14.213', 15, '');
INSERT INTO `act_hi_actinst` VALUES ('30004', 'LeavebillOr:1:8', '30001', '30001', '_7', '30005', NULL, '', 'userTask', '', '2020-08-05 17:53:14.214', '2020-08-05 17:53:14.619', 405, '');
INSERT INTO `act_hi_actinst` VALUES ('30009', 'LeavebillOr:1:8', '30001', '30001', '_8', '30010', NULL, '', 'userTask', '', '2020-08-05 17:53:14.619', NULL, NULL, '');
INSERT INTO `act_hi_actinst` VALUES ('32502', 'LeavebillOr:1:8', '32501', '32501', '_2', NULL, NULL, 'StartEvent', 'startEvent', NULL, '2020-08-05 18:04:56.385', '2020-08-05 18:04:56.398', 13, '');
INSERT INTO `act_hi_actinst` VALUES ('32504', 'LeavebillOr:1:8', '32501', '32501', '_7', '32505', NULL, '', 'userTask', '', '2020-08-05 18:04:56.399', '2020-08-05 18:04:56.749', 350, '');
INSERT INTO `act_hi_actinst` VALUES ('32509', 'LeavebillOr:1:8', '32501', '32501', '_8', '32510', NULL, '', 'userTask', '', '2020-08-05 18:04:56.749', NULL, NULL, '');
INSERT INTO `act_hi_actinst` VALUES ('35002', 'LeavebillOr:1:8', '35001', '35001', '_2', NULL, NULL, 'StartEvent', 'startEvent', NULL, '2020-08-06 11:26:01.343', '2020-08-06 11:26:01.364', 21, '');
INSERT INTO `act_hi_actinst` VALUES ('35004', 'LeavebillOr:1:8', '35001', '35001', '_7', '35005', NULL, '', 'userTask', '', '2020-08-06 11:26:01.364', '2020-08-06 11:26:01.843', 479, '');
INSERT INTO `act_hi_actinst` VALUES ('35009', 'LeavebillOr:1:8', '35001', '35001', '_8', '35010', NULL, '', 'userTask', '', '2020-08-06 11:26:01.843', NULL, NULL, '');
INSERT INTO `act_hi_actinst` VALUES ('37502', 'LeavebillOr:1:8', '37501', '37501', '_2', NULL, NULL, 'StartEvent', 'startEvent', NULL, '2020-08-06 19:08:13.331', '2020-08-06 19:08:13.351', 20, '');
INSERT INTO `act_hi_actinst` VALUES ('37504', 'LeavebillOr:1:8', '37501', '37501', '_7', '37505', NULL, '', 'userTask', '', '2020-08-06 19:08:13.352', '2020-08-06 19:08:13.669', 317, '');
INSERT INTO `act_hi_actinst` VALUES ('37509', 'LeavebillOr:1:8', '37501', '37501', '_8', '37510', NULL, '', 'userTask', '', '2020-08-06 19:08:13.669', '2020-08-07 10:19:50.707', 54697038, '');
INSERT INTO `act_hi_actinst` VALUES ('40002', 'LeavebillOr:1:8', '40001', '40001', '_2', NULL, NULL, 'StartEvent', 'startEvent', NULL, '2020-08-07 09:51:28.256', '2020-08-07 09:51:28.274', 18, '');
INSERT INTO `act_hi_actinst` VALUES ('40004', 'LeavebillOr:1:8', '40001', '40001', '_7', '40005', NULL, '', 'userTask', '', '2020-08-07 09:51:28.275', '2020-08-07 09:51:28.682', 407, '');
INSERT INTO `act_hi_actinst` VALUES ('40009', 'LeavebillOr:1:8', '40001', '40001', '_8', '40010', NULL, '', 'userTask', '', '2020-08-07 09:51:28.682', '2020-08-07 10:14:00.292', 1351610, '');
INSERT INTO `act_hi_actinst` VALUES ('42502', 'LeavebillOr:1:8', '42501', '42501', '_2', NULL, NULL, 'StartEvent', 'startEvent', NULL, '2020-08-07 10:00:33.487', '2020-08-07 10:00:33.498', 11, '');
INSERT INTO `act_hi_actinst` VALUES ('42504', 'LeavebillOr:1:8', '42501', '42501', '_7', '42505', NULL, '', 'userTask', '', '2020-08-07 10:00:33.499', '2020-08-07 10:00:33.892', 393, '');
INSERT INTO `act_hi_actinst` VALUES ('42509', 'LeavebillOr:1:8', '42501', '42501', '_8', '42510', NULL, '', 'userTask', '', '2020-08-07 10:00:33.892', '2020-08-07 10:16:29.905', 956013, '');
INSERT INTO `act_hi_actinst` VALUES ('42513', 'LeavebillOr:1:8', '42512', '42512', '_2', NULL, NULL, 'StartEvent', 'startEvent', NULL, '2020-08-07 10:01:43.431', '2020-08-07 10:01:43.442', 11, '');
INSERT INTO `act_hi_actinst` VALUES ('42515', 'LeavebillOr:1:8', '42512', '42512', '_7', '42516', NULL, '', 'userTask', '', '2020-08-07 10:01:43.442', '2020-08-07 10:01:43.766', 324, '');
INSERT INTO `act_hi_actinst` VALUES ('42520', 'LeavebillOr:1:8', '42512', '42512', '_8', '42521', NULL, '', 'userTask', '', '2020-08-07 10:01:43.766', '2020-08-07 10:16:53.507', 909741, '');
INSERT INTO `act_hi_actinst` VALUES ('45002', 'LeavebillOr:1:8', '40001', '40001', '_9', '45003', NULL, '', 'userTask', '', '2020-08-07 10:14:00.292', NULL, NULL, '');
INSERT INTO `act_hi_actinst` VALUES ('45006', 'LeavebillOr:1:8', '42501', '42501', '_9', '45007', NULL, '', 'userTask', '', '2020-08-07 10:16:29.905', NULL, NULL, '');
INSERT INTO `act_hi_actinst` VALUES ('45010', 'LeavebillOr:1:8', '42512', '42512', '_9', '45011', NULL, '', 'userTask', '', '2020-08-07 10:16:53.507', NULL, NULL, '');
INSERT INTO `act_hi_actinst` VALUES ('45014', 'LeavebillOr:1:8', '5001', '5001', '_9', '45015', NULL, '', 'userTask', '', '2020-08-07 10:17:00.134', NULL, NULL, '');
INSERT INTO `act_hi_actinst` VALUES ('47502', 'LeavebillOr:1:8', '37501', '37501', '_9', '47503', NULL, '', 'userTask', '', '2020-08-07 10:19:50.707', NULL, NULL, '');
INSERT INTO `act_hi_actinst` VALUES ('50002', 'LeavebillOr:1:8', '50001', '50001', '_2', NULL, NULL, 'StartEvent', 'startEvent', NULL, '2020-08-07 10:28:16.543', '2020-08-07 10:28:16.555', 12, '');
INSERT INTO `act_hi_actinst` VALUES ('50004', 'LeavebillOr:1:8', '50001', '50001', '_7', '50005', NULL, '', 'userTask', '', '2020-08-07 10:28:16.555', '2020-08-07 10:28:16.982', 427, '');
INSERT INTO `act_hi_actinst` VALUES ('50009', 'LeavebillOr:1:8', '50001', '50001', '_8', '50010', NULL, '', 'userTask', '', '2020-08-07 10:28:16.982', NULL, NULL, '');
INSERT INTO `act_hi_actinst` VALUES ('50013', 'LeavebillOr:1:8', '10021', '10021', '_7', '50014', NULL, '', 'userTask', '', '2020-08-07 10:29:12.309', '2020-08-07 10:29:12.521', 212, '');
INSERT INTO `act_hi_actinst` VALUES ('5002', 'LeavebillOr:1:8', '5001', '5001', '_2', NULL, NULL, 'StartEvent', 'startEvent', NULL, '2020-08-05 15:44:00.632', '2020-08-05 15:44:00.653', 21, '');
INSERT INTO `act_hi_actinst` VALUES ('5004', 'LeavebillOr:1:8', '5001', '5001', '_7', '5005', NULL, '', 'userTask', '', '2020-08-05 15:44:00.653', '2020-08-05 15:44:01.177', 524, '');
INSERT INTO `act_hi_actinst` VALUES ('5009', 'LeavebillOr:1:8', '5001', '5001', '_8', '5010', NULL, '', 'userTask', '', '2020-08-05 15:44:01.177', '2020-08-07 10:17:00.134', 153178957, '');

-- ----------------------------
-- Table structure for act_hi_attachment
-- ----------------------------
DROP TABLE IF EXISTS `act_hi_attachment`;
CREATE TABLE `act_hi_attachment`  (
  `ID_` varchar(64) CHARACTER SET utf8 COLLATE utf8_bin NOT NULL,
  `REV_` int(0) NULL DEFAULT NULL,
  `USER_ID_` varchar(255) CHARACTER SET utf8 COLLATE utf8_bin NULL DEFAULT NULL,
  `NAME_` varchar(255) CHARACTER SET utf8 COLLATE utf8_bin NULL DEFAULT NULL,
  `DESCRIPTION_` varchar(4000) CHARACTER SET utf8 COLLATE utf8_bin NULL DEFAULT NULL,
  `TYPE_` varchar(255) CHARACTER SET utf8 COLLATE utf8_bin NULL DEFAULT NULL,
  `TASK_ID_` varchar(64) CHARACTER SET utf8 COLLATE utf8_bin NULL DEFAULT NULL,
  `PROC_INST_ID_` varchar(64) CHARACTER SET utf8 COLLATE utf8_bin NULL DEFAULT NULL,
  `URL_` varchar(4000) CHARACTER SET utf8 COLLATE utf8_bin NULL DEFAULT NULL,
  `CONTENT_ID_` varchar(64) CHARACTER SET utf8 COLLATE utf8_bin NULL DEFAULT NULL,
  `TIME_` datetime(3) NULL DEFAULT NULL,
  PRIMARY KEY (`ID_`) USING BTREE
) ENGINE = InnoDB CHARACTER SET = utf8 COLLATE = utf8_bin ROW_FORMAT = Dynamic;

-- ----------------------------
-- Table structure for act_hi_comment
-- ----------------------------
DROP TABLE IF EXISTS `act_hi_comment`;
CREATE TABLE `act_hi_comment`  (
  `ID_` varchar(64) CHARACTER SET utf8 COLLATE utf8_bin NOT NULL,
  `TYPE_` varchar(255) CHARACTER SET utf8 COLLATE utf8_bin NULL DEFAULT NULL,
  `TIME_` datetime(3) NOT NULL,
  `USER_ID_` varchar(255) CHARACTER SET utf8 COLLATE utf8_bin NULL DEFAULT NULL,
  `TASK_ID_` varchar(64) CHARACTER SET utf8 COLLATE utf8_bin NULL DEFAULT NULL,
  `PROC_INST_ID_` varchar(64) CHARACTER SET utf8 COLLATE utf8_bin NULL DEFAULT NULL,
  `ACTION_` varchar(255) CHARACTER SET utf8 COLLATE utf8_bin NULL DEFAULT NULL,
  `MESSAGE_` varchar(4000) CHARACTER SET utf8 COLLATE utf8_bin NULL DEFAULT NULL,
  `FULL_MSG_` longblob NULL,
  PRIMARY KEY (`ID_`) USING BTREE
) ENGINE = InnoDB CHARACTER SET = utf8 COLLATE = utf8_bin ROW_FORMAT = Dynamic;

-- ----------------------------
-- Records of act_hi_comment
-- ----------------------------
INSERT INTO `act_hi_comment` VALUES ('10028', 'comment', '2020-08-05 17:22:32.609', '', '10026', '10021', 'AddComment', '[]', 0x5BE68F90E4BAA45DE68F90E4BAA4E794B3E8AFB7);
INSERT INTO `act_hi_comment` VALUES ('12507', 'comment', '2020-08-05 17:26:15.478', '', '12505', '12501', 'AddComment', '[]', 0x5BE68F90E4BAA45DE68F90E4BAA4E794B3E8AFB7);
INSERT INTO `act_hi_comment` VALUES ('15007', 'comment', '2020-08-05 17:33:49.844', '', '15005', '15001', 'AddComment', '[]', 0x5BE68F90E4BAA45DE68F90E4BAA4E794B3E8AFB7);
INSERT INTO `act_hi_comment` VALUES ('17507', 'comment', '2020-08-05 17:38:08.080', '', '17505', '17501', 'AddComment', '[]', 0x5BE68F90E4BAA45DE68F90E4BAA4E794B3E8AFB7);
INSERT INTO `act_hi_comment` VALUES ('20007', 'comment', '2020-08-05 17:39:41.740', '', '20005', '20001', 'AddComment', '[]', 0x5BE68F90E4BAA45DE68F90E4BAA4E794B3E8AFB7);
INSERT INTO `act_hi_comment` VALUES ('2507', 'comment', '2020-08-05 10:30:06.060', '', '2505', '2501', 'AddComment', '[]', 0x5BE68F90E4BAA45DE68F90E4BAA4E794B3E8AFB7);
INSERT INTO `act_hi_comment` VALUES ('2512', 'comment', '2020-08-05 10:31:36.002', '', '2510', '2501', 'AddComment', '[]', 0x5BE4B88AE7BAA7E5A48DE6A0B85DE5908CE6848F);
INSERT INTO `act_hi_comment` VALUES ('2516', 'comment', '2020-08-05 10:31:58.869', '', '2514', '2501', 'AddComment', '[]', 0x5BE5908CE6848F5DE5908CE6848F);
INSERT INTO `act_hi_comment` VALUES ('30007', 'comment', '2020-08-05 17:53:14.514', '', '30005', '30001', 'AddComment', '[]', 0x5BE68F90E4BAA45DE68F90E4BAA4E794B3E8AFB7);
INSERT INTO `act_hi_comment` VALUES ('32507', 'comment', '2020-08-05 18:04:56.653', '', '32505', '32501', 'AddComment', '[]', 0x5BE68F90E4BAA45DE68F90E4BAA4E794B3E8AFB7);
INSERT INTO `act_hi_comment` VALUES ('35007', 'comment', '2020-08-06 11:26:01.695', '', '35005', '35001', 'AddComment', '[]', 0x5BE68F90E4BAA45DE68F90E4BAA4E794B3E8AFB7);
INSERT INTO `act_hi_comment` VALUES ('37507', 'comment', '2020-08-06 19:08:13.597', '', '37505', '37501', 'AddComment', '[]', 0x5BE68F90E4BAA45DE68F90E4BAA4E794B3E8AFB7);
INSERT INTO `act_hi_comment` VALUES ('40007', 'comment', '2020-08-07 09:51:28.593', '', '40005', '40001', 'AddComment', '[]', 0x5BE68F90E4BAA45DE68F90E4BAA4E794B3E8AFB7);
INSERT INTO `act_hi_comment` VALUES ('42507', 'comment', '2020-08-07 10:00:33.772', '', '42505', '42501', 'AddComment', '[]', 0x5BE68F90E4BAA45DE68F90E4BAA4E794B3E8AFB7);
INSERT INTO `act_hi_comment` VALUES ('42518', 'comment', '2020-08-07 10:01:43.699', '', '42516', '42512', 'AddComment', '[]', 0x5BE68F90E4BAA45DE68F90E4BAA4E794B3E8AFB7);
INSERT INTO `act_hi_comment` VALUES ('45001', 'comment', '2020-08-07 10:14:00.116', '', '40010', '40001', 'AddComment', '[]', 0x5BE4B88AE7BAA7E5A48DE6A0B85D);
INSERT INTO `act_hi_comment` VALUES ('45005', 'comment', '2020-08-07 10:16:29.800', '', '42510', '42501', 'AddComment', '[]', 0x5BE4B88AE7BAA7E5A48DE6A0B85D);
INSERT INTO `act_hi_comment` VALUES ('45009', 'comment', '2020-08-07 10:16:53.437', '', '42521', '42512', 'AddComment', '[]', 0x5BE4B88AE7BAA7E5A48DE6A0B85D);
INSERT INTO `act_hi_comment` VALUES ('45013', 'comment', '2020-08-07 10:17:00.026', '', '5010', '5001', 'AddComment', '[]', 0x5BE4B88AE7BAA7E5A48DE6A0B85D);
INSERT INTO `act_hi_comment` VALUES ('47501', 'comment', '2020-08-07 10:19:50.495', '', '37510', '37501', 'AddComment', '[]123456479878', 0x5BE4B88AE7BAA7E5A48DE6A0B85D313233343536343739383738);
INSERT INTO `act_hi_comment` VALUES ('50007', 'comment', '2020-08-07 10:28:16.882', '', '50005', '50001', 'AddComment', '[]', 0x5BE68F90E4BAA45DE68F90E4BAA4E794B3E8AFB7);
INSERT INTO `act_hi_comment` VALUES ('50012', 'comment', '2020-08-07 10:29:12.242', '', '10031', '10021', 'AddComment', '[]', 0x5BE9A9B3E59B9E5D);
INSERT INTO `act_hi_comment` VALUES ('5007', 'comment', '2020-08-05 15:44:01.006', '', '5005', '5001', 'AddComment', '[]', 0x5BE68F90E4BAA45DE68F90E4BAA4E794B3E8AFB7);

-- ----------------------------
-- Table structure for act_hi_detail
-- ----------------------------
DROP TABLE IF EXISTS `act_hi_detail`;
CREATE TABLE `act_hi_detail`  (
  `ID_` varchar(64) CHARACTER SET utf8 COLLATE utf8_bin NOT NULL,
  `TYPE_` varchar(255) CHARACTER SET utf8 COLLATE utf8_bin NOT NULL,
  `PROC_INST_ID_` varchar(64) CHARACTER SET utf8 COLLATE utf8_bin NULL DEFAULT NULL,
  `EXECUTION_ID_` varchar(64) CHARACTER SET utf8 COLLATE utf8_bin NULL DEFAULT NULL,
  `TASK_ID_` varchar(64) CHARACTER SET utf8 COLLATE utf8_bin NULL DEFAULT NULL,
  `ACT_INST_ID_` varchar(64) CHARACTER SET utf8 COLLATE utf8_bin NULL DEFAULT NULL,
  `NAME_` varchar(255) CHARACTER SET utf8 COLLATE utf8_bin NOT NULL,
  `VAR_TYPE_` varchar(255) CHARACTER SET utf8 COLLATE utf8_bin NULL DEFAULT NULL,
  `REV_` int(0) NULL DEFAULT NULL,
  `TIME_` datetime(3) NOT NULL,
  `BYTEARRAY_ID_` varchar(64) CHARACTER SET utf8 COLLATE utf8_bin NULL DEFAULT NULL,
  `DOUBLE_` double NULL DEFAULT NULL,
  `LONG_` bigint(0) NULL DEFAULT NULL,
  `TEXT_` varchar(4000) CHARACTER SET utf8 COLLATE utf8_bin NULL DEFAULT NULL,
  `TEXT2_` varchar(4000) CHARACTER SET utf8 COLLATE utf8_bin NULL DEFAULT NULL,
  PRIMARY KEY (`ID_`) USING BTREE,
  INDEX `ACT_IDX_HI_DETAIL_PROC_INST`(`PROC_INST_ID_`) USING BTREE,
  INDEX `ACT_IDX_HI_DETAIL_ACT_INST`(`ACT_INST_ID_`) USING BTREE,
  INDEX `ACT_IDX_HI_DETAIL_TIME`(`TIME_`) USING BTREE,
  INDEX `ACT_IDX_HI_DETAIL_NAME`(`NAME_`) USING BTREE,
  INDEX `ACT_IDX_HI_DETAIL_TASK_ID`(`TASK_ID_`) USING BTREE
) ENGINE = InnoDB CHARACTER SET = utf8 COLLATE = utf8_bin ROW_FORMAT = Dynamic;

-- ----------------------------
-- Table structure for act_hi_identitylink
-- ----------------------------
DROP TABLE IF EXISTS `act_hi_identitylink`;
CREATE TABLE `act_hi_identitylink`  (
  `ID_` varchar(64) CHARACTER SET utf8 COLLATE utf8_bin NOT NULL,
  `GROUP_ID_` varchar(255) CHARACTER SET utf8 COLLATE utf8_bin NULL DEFAULT NULL,
  `TYPE_` varchar(255) CHARACTER SET utf8 COLLATE utf8_bin NULL DEFAULT NULL,
  `USER_ID_` varchar(255) CHARACTER SET utf8 COLLATE utf8_bin NULL DEFAULT NULL,
  `TASK_ID_` varchar(64) CHARACTER SET utf8 COLLATE utf8_bin NULL DEFAULT NULL,
  `PROC_INST_ID_` varchar(64) CHARACTER SET utf8 COLLATE utf8_bin NULL DEFAULT NULL,
  PRIMARY KEY (`ID_`) USING BTREE,
  INDEX `ACT_IDX_HI_IDENT_LNK_USER`(`USER_ID_`) USING BTREE,
  INDEX `ACT_IDX_HI_IDENT_LNK_TASK`(`TASK_ID_`) USING BTREE,
  INDEX `ACT_IDX_HI_IDENT_LNK_PROCINST`(`PROC_INST_ID_`) USING BTREE
) ENGINE = InnoDB CHARACTER SET = utf8 COLLATE = utf8_bin ROW_FORMAT = Dynamic;

-- ----------------------------
-- Records of act_hi_identitylink
-- ----------------------------
INSERT INTO `act_hi_identitylink` VALUES ('10022', NULL, 'starter', '', NULL, '10021');
INSERT INTO `act_hi_identitylink` VALUES ('10027', NULL, 'participant', '', NULL, '10021');
INSERT INTO `act_hi_identitylink` VALUES ('10032', NULL, 'participant', '', NULL, '10021');
INSERT INTO `act_hi_identitylink` VALUES ('12506', NULL, 'participant', '', NULL, '12501');
INSERT INTO `act_hi_identitylink` VALUES ('12511', NULL, 'participant', '', NULL, '12501');
INSERT INTO `act_hi_identitylink` VALUES ('15006', NULL, 'participant', '', NULL, '15001');
INSERT INTO `act_hi_identitylink` VALUES ('15011', NULL, 'participant', '', NULL, '15001');
INSERT INTO `act_hi_identitylink` VALUES ('17506', NULL, 'participant', '', NULL, '17501');
INSERT INTO `act_hi_identitylink` VALUES ('17511', NULL, 'participant', '', NULL, '17501');
INSERT INTO `act_hi_identitylink` VALUES ('20006', NULL, 'participant', '', NULL, '20001');
INSERT INTO `act_hi_identitylink` VALUES ('20011', NULL, 'participant', '', NULL, '20001');
INSERT INTO `act_hi_identitylink` VALUES ('2506', NULL, 'participant', '', NULL, '2501');
INSERT INTO `act_hi_identitylink` VALUES ('2511', NULL, 'participant', '', NULL, '2501');
INSERT INTO `act_hi_identitylink` VALUES ('2515', NULL, 'participant', '', NULL, '2501');
INSERT INTO `act_hi_identitylink` VALUES ('30006', NULL, 'participant', '', NULL, '30001');
INSERT INTO `act_hi_identitylink` VALUES ('30011', NULL, 'participant', '', NULL, '30001');
INSERT INTO `act_hi_identitylink` VALUES ('32506', NULL, 'participant', '', NULL, '32501');
INSERT INTO `act_hi_identitylink` VALUES ('32511', NULL, 'participant', '', NULL, '32501');
INSERT INTO `act_hi_identitylink` VALUES ('35006', NULL, 'participant', '', NULL, '35001');
INSERT INTO `act_hi_identitylink` VALUES ('35011', NULL, 'participant', '', NULL, '35001');
INSERT INTO `act_hi_identitylink` VALUES ('37506', NULL, 'participant', '', NULL, '37501');
INSERT INTO `act_hi_identitylink` VALUES ('37511', NULL, 'participant', '', NULL, '37501');
INSERT INTO `act_hi_identitylink` VALUES ('40006', NULL, 'participant', '', NULL, '40001');
INSERT INTO `act_hi_identitylink` VALUES ('40011', NULL, 'participant', '', NULL, '40001');
INSERT INTO `act_hi_identitylink` VALUES ('42506', NULL, 'participant', '', NULL, '42501');
INSERT INTO `act_hi_identitylink` VALUES ('42511', NULL, 'participant', '', NULL, '42501');
INSERT INTO `act_hi_identitylink` VALUES ('42517', NULL, 'participant', '', NULL, '42512');
INSERT INTO `act_hi_identitylink` VALUES ('42522', NULL, 'participant', '', NULL, '42512');
INSERT INTO `act_hi_identitylink` VALUES ('45004', NULL, 'participant', '', NULL, '40001');
INSERT INTO `act_hi_identitylink` VALUES ('45008', NULL, 'participant', '', NULL, '42501');
INSERT INTO `act_hi_identitylink` VALUES ('45012', NULL, 'participant', '', NULL, '42512');
INSERT INTO `act_hi_identitylink` VALUES ('45016', NULL, 'participant', '', NULL, '5001');
INSERT INTO `act_hi_identitylink` VALUES ('47504', NULL, 'participant', '', NULL, '37501');
INSERT INTO `act_hi_identitylink` VALUES ('50006', NULL, 'participant', '', NULL, '50001');
INSERT INTO `act_hi_identitylink` VALUES ('50011', NULL, 'participant', '', NULL, '50001');
INSERT INTO `act_hi_identitylink` VALUES ('5006', NULL, 'participant', '', NULL, '5001');
INSERT INTO `act_hi_identitylink` VALUES ('5011', NULL, 'participant', '', NULL, '5001');

-- ----------------------------
-- Table structure for act_hi_procinst
-- ----------------------------
DROP TABLE IF EXISTS `act_hi_procinst`;
CREATE TABLE `act_hi_procinst`  (
  `ID_` varchar(64) CHARACTER SET utf8 COLLATE utf8_bin NOT NULL,
  `PROC_INST_ID_` varchar(64) CHARACTER SET utf8 COLLATE utf8_bin NOT NULL,
  `BUSINESS_KEY_` varchar(255) CHARACTER SET utf8 COLLATE utf8_bin NULL DEFAULT NULL,
  `PROC_DEF_ID_` varchar(64) CHARACTER SET utf8 COLLATE utf8_bin NOT NULL,
  `START_TIME_` datetime(3) NOT NULL,
  `END_TIME_` datetime(3) NULL DEFAULT NULL,
  `DURATION_` bigint(0) NULL DEFAULT NULL,
  `START_USER_ID_` varchar(255) CHARACTER SET utf8 COLLATE utf8_bin NULL DEFAULT NULL,
  `START_ACT_ID_` varchar(255) CHARACTER SET utf8 COLLATE utf8_bin NULL DEFAULT NULL,
  `END_ACT_ID_` varchar(255) CHARACTER SET utf8 COLLATE utf8_bin NULL DEFAULT NULL,
  `SUPER_PROCESS_INSTANCE_ID_` varchar(64) CHARACTER SET utf8 COLLATE utf8_bin NULL DEFAULT NULL,
  `DELETE_REASON_` varchar(4000) CHARACTER SET utf8 COLLATE utf8_bin NULL DEFAULT NULL,
  `TENANT_ID_` varchar(255) CHARACTER SET utf8 COLLATE utf8_bin NULL DEFAULT '',
  `NAME_` varchar(255) CHARACTER SET utf8 COLLATE utf8_bin NULL DEFAULT NULL,
  PRIMARY KEY (`ID_`) USING BTREE,
  UNIQUE INDEX `PROC_INST_ID_`(`PROC_INST_ID_`) USING BTREE,
  INDEX `ACT_IDX_HI_PRO_INST_END`(`END_TIME_`) USING BTREE,
  INDEX `ACT_IDX_HI_PRO_I_BUSKEY`(`BUSINESS_KEY_`) USING BTREE
) ENGINE = InnoDB CHARACTER SET = utf8 COLLATE = utf8_bin ROW_FORMAT = Dynamic;

-- ----------------------------
-- Records of act_hi_procinst
-- ----------------------------
INSERT INTO `act_hi_procinst` VALUES ('10021', '10021', 'LeavebillOr:20200805172232tuXR', 'LeavebillOr:1:8', '2020-08-05 17:22:32.334', '2020-08-07 10:29:12.530', 148000196, '', '_2', NULL, NULL, '', '', NULL);
INSERT INTO `act_hi_procinst` VALUES ('12501', '12501', 'LeavebillOr:20200805172614MMZP', 'LeavebillOr:1:8', '2020-08-05 17:26:15.118', NULL, NULL, NULL, '_2', NULL, NULL, NULL, '', NULL);
INSERT INTO `act_hi_procinst` VALUES ('15001', '15001', 'LeavebillOr:202008051733493zrw', 'LeavebillOr:1:8', '2020-08-05 17:33:49.525', NULL, NULL, NULL, '_2', NULL, NULL, NULL, '', NULL);
INSERT INTO `act_hi_procinst` VALUES ('17501', '17501', 'LeavebillOr:20200805173807xoYb', 'LeavebillOr:1:8', '2020-08-05 17:38:07.794', NULL, NULL, NULL, '_2', NULL, NULL, NULL, '', NULL);
INSERT INTO `act_hi_procinst` VALUES ('20001', '20001', 'LeavebillOr:202008051739416pu3', 'LeavebillOr:1:8', '2020-08-05 17:39:41.494', NULL, NULL, NULL, '_2', NULL, NULL, NULL, '', NULL);
INSERT INTO `act_hi_procinst` VALUES ('2501', '2501', 'LeavebillOr:82', 'LeavebillOr:1:8', '2020-08-05 10:30:05.667', '2020-08-05 10:31:59.039', 113372, NULL, '_2', '_10', NULL, NULL, '', NULL);
INSERT INTO `act_hi_procinst` VALUES ('30001', '30001', 'LeavebillOr:20200805175314huAr', 'LeavebillOr:1:8', '2020-08-05 17:53:14.198', NULL, NULL, NULL, '_2', NULL, NULL, NULL, '', NULL);
INSERT INTO `act_hi_procinst` VALUES ('32501', '32501', 'LeavebillOr:20200805180456gyp1', 'LeavebillOr:1:8', '2020-08-05 18:04:56.384', NULL, NULL, NULL, '_2', NULL, NULL, NULL, '', NULL);
INSERT INTO `act_hi_procinst` VALUES ('35001', '35001', 'LeavebillOr:20200806112601NCPz', 'LeavebillOr:1:8', '2020-08-06 11:26:01.343', NULL, NULL, NULL, '_2', NULL, NULL, NULL, '', NULL);
INSERT INTO `act_hi_procinst` VALUES ('37501', '37501', 'LeavebillOr:84', 'LeavebillOr:1:8', '2020-08-06 19:08:13.330', NULL, NULL, NULL, '_2', NULL, NULL, NULL, '', NULL);
INSERT INTO `act_hi_procinst` VALUES ('40001', '40001', 'LeavebillOr:85', 'LeavebillOr:1:8', '2020-08-07 09:51:28.255', NULL, NULL, NULL, '_2', NULL, NULL, NULL, '', NULL);
INSERT INTO `act_hi_procinst` VALUES ('42501', '42501', 'LeavebillOr:86', 'LeavebillOr:1:8', '2020-08-07 10:00:33.487', NULL, NULL, NULL, '_2', NULL, NULL, NULL, '', NULL);
INSERT INTO `act_hi_procinst` VALUES ('42512', '42512', 'LeavebillOr:87', 'LeavebillOr:1:8', '2020-08-07 10:01:43.431', NULL, NULL, NULL, '_2', NULL, NULL, NULL, '', NULL);
INSERT INTO `act_hi_procinst` VALUES ('50001', '50001', 'LeavebillOr:20200807102816CFWS', 'LeavebillOr:1:8', '2020-08-07 10:28:16.542', NULL, NULL, NULL, '_2', NULL, NULL, NULL, '', NULL);
INSERT INTO `act_hi_procinst` VALUES ('5001', '5001', 'LeavebillOr:83', 'LeavebillOr:1:8', '2020-08-05 15:44:00.632', NULL, NULL, NULL, '_2', NULL, NULL, NULL, '', NULL);

-- ----------------------------
-- Table structure for act_hi_taskinst
-- ----------------------------
DROP TABLE IF EXISTS `act_hi_taskinst`;
CREATE TABLE `act_hi_taskinst`  (
  `ID_` varchar(64) CHARACTER SET utf8 COLLATE utf8_bin NOT NULL,
  `PROC_DEF_ID_` varchar(64) CHARACTER SET utf8 COLLATE utf8_bin NULL DEFAULT NULL,
  `TASK_DEF_KEY_` varchar(255) CHARACTER SET utf8 COLLATE utf8_bin NULL DEFAULT NULL,
  `PROC_INST_ID_` varchar(64) CHARACTER SET utf8 COLLATE utf8_bin NULL DEFAULT NULL,
  `EXECUTION_ID_` varchar(64) CHARACTER SET utf8 COLLATE utf8_bin NULL DEFAULT NULL,
  `NAME_` varchar(255) CHARACTER SET utf8 COLLATE utf8_bin NULL DEFAULT NULL,
  `PARENT_TASK_ID_` varchar(64) CHARACTER SET utf8 COLLATE utf8_bin NULL DEFAULT NULL,
  `DESCRIPTION_` varchar(4000) CHARACTER SET utf8 COLLATE utf8_bin NULL DEFAULT NULL,
  `OWNER_` varchar(255) CHARACTER SET utf8 COLLATE utf8_bin NULL DEFAULT NULL,
  `ASSIGNEE_` varchar(255) CHARACTER SET utf8 COLLATE utf8_bin NULL DEFAULT NULL,
  `START_TIME_` datetime(3) NOT NULL,
  `CLAIM_TIME_` datetime(3) NULL DEFAULT NULL,
  `END_TIME_` datetime(3) NULL DEFAULT NULL,
  `DURATION_` bigint(0) NULL DEFAULT NULL,
  `DELETE_REASON_` varchar(4000) CHARACTER SET utf8 COLLATE utf8_bin NULL DEFAULT NULL,
  `PRIORITY_` int(0) NULL DEFAULT NULL,
  `DUE_DATE_` datetime(3) NULL DEFAULT NULL,
  `FORM_KEY_` varchar(255) CHARACTER SET utf8 COLLATE utf8_bin NULL DEFAULT NULL,
  `CATEGORY_` varchar(255) CHARACTER SET utf8 COLLATE utf8_bin NULL DEFAULT NULL,
  `TENANT_ID_` varchar(255) CHARACTER SET utf8 COLLATE utf8_bin NULL DEFAULT '',
  PRIMARY KEY (`ID_`) USING BTREE,
  INDEX `ACT_IDX_HI_TASK_INST_PROCINST`(`PROC_INST_ID_`) USING BTREE
) ENGINE = InnoDB CHARACTER SET = utf8 COLLATE = utf8_bin ROW_FORMAT = Dynamic;

-- ----------------------------
-- Records of act_hi_taskinst
-- ----------------------------
INSERT INTO `act_hi_taskinst` VALUES ('10026', 'LeavebillOr:1:8', '_7', '10021', '10021', '', NULL, NULL, NULL, '', '2020-08-05 17:22:32.347', NULL, '2020-08-05 17:22:32.670', 323, 'completed', 50, NULL, NULL, NULL, '');
INSERT INTO `act_hi_taskinst` VALUES ('10031', 'LeavebillOr:1:8', '_8', '10021', '10021', '', NULL, NULL, NULL, '', '2020-08-05 17:22:32.683', NULL, '2020-08-07 10:29:12.299', 147999616, 'completed', 50, NULL, NULL, NULL, '');
INSERT INTO `act_hi_taskinst` VALUES ('12505', 'LeavebillOr:1:8', '_7', '12501', '12501', '', NULL, NULL, NULL, '', '2020-08-05 17:26:15.174', NULL, '2020-08-05 17:26:15.557', 383, 'completed', 50, NULL, NULL, NULL, '');
INSERT INTO `act_hi_taskinst` VALUES ('12510', 'LeavebillOr:1:8', '_8', '12501', '12501', '', NULL, NULL, NULL, '', '2020-08-05 17:26:15.577', NULL, NULL, NULL, NULL, 50, NULL, NULL, NULL, '');
INSERT INTO `act_hi_taskinst` VALUES ('15005', 'LeavebillOr:1:8', '_7', '15001', '15001', '', NULL, NULL, NULL, '', '2020-08-05 17:33:49.552', NULL, '2020-08-05 17:33:49.916', 364, 'completed', 50, NULL, NULL, NULL, '');
INSERT INTO `act_hi_taskinst` VALUES ('15010', 'LeavebillOr:1:8', '_8', '15001', '15001', '', NULL, NULL, NULL, '', '2020-08-05 17:33:49.941', NULL, NULL, NULL, NULL, 50, NULL, NULL, NULL, '');
INSERT INTO `act_hi_taskinst` VALUES ('17505', 'LeavebillOr:1:8', '_7', '17501', '17501', '', NULL, NULL, NULL, '', '2020-08-05 17:38:07.815', NULL, '2020-08-05 17:38:08.153', 338, 'completed', 50, NULL, NULL, NULL, '');
INSERT INTO `act_hi_taskinst` VALUES ('17510', 'LeavebillOr:1:8', '_8', '17501', '17501', '', NULL, NULL, NULL, '', '2020-08-05 17:38:08.185', NULL, NULL, NULL, NULL, 50, NULL, NULL, NULL, '');
INSERT INTO `act_hi_taskinst` VALUES ('20005', 'LeavebillOr:1:8', '_7', '20001', '20001', '', NULL, NULL, NULL, '', '2020-08-05 17:39:41.516', NULL, '2020-08-05 17:39:41.830', 314, 'completed', 50, NULL, NULL, NULL, '');
INSERT INTO `act_hi_taskinst` VALUES ('20010', 'LeavebillOr:1:8', '_8', '20001', '20001', '', NULL, NULL, NULL, '', '2020-08-05 17:39:41.861', NULL, NULL, NULL, NULL, 50, NULL, NULL, NULL, '');
INSERT INTO `act_hi_taskinst` VALUES ('2505', 'LeavebillOr:1:8', '_7', '2501', '2501', '', NULL, NULL, NULL, '', '2020-08-05 10:30:05.719', NULL, '2020-08-05 10:30:06.134', 415, 'completed', 50, NULL, NULL, NULL, '');
INSERT INTO `act_hi_taskinst` VALUES ('2510', 'LeavebillOr:1:8', '_8', '2501', '2501', '', NULL, NULL, NULL, '', '2020-08-05 10:30:06.169', NULL, '2020-08-05 10:31:36.136', 89967, 'completed', 50, NULL, NULL, NULL, '');
INSERT INTO `act_hi_taskinst` VALUES ('2514', 'LeavebillOr:1:8', '_9', '2501', '2501', '', NULL, NULL, NULL, '', '2020-08-05 10:31:36.159', NULL, '2020-08-05 10:31:59.020', 22861, 'completed', 50, NULL, NULL, NULL, '');
INSERT INTO `act_hi_taskinst` VALUES ('30005', 'LeavebillOr:1:8', '_7', '30001', '30001', '', NULL, NULL, NULL, '', '2020-08-05 17:53:14.222', NULL, '2020-08-05 17:53:14.598', 376, 'completed', 50, NULL, NULL, NULL, '');
INSERT INTO `act_hi_taskinst` VALUES ('30010', 'LeavebillOr:1:8', '_8', '30001', '30001', '', NULL, NULL, NULL, '', '2020-08-05 17:53:14.619', NULL, NULL, NULL, NULL, 50, NULL, NULL, NULL, '');
INSERT INTO `act_hi_taskinst` VALUES ('32505', 'LeavebillOr:1:8', '_7', '32501', '32501', '', NULL, NULL, NULL, '', '2020-08-05 18:04:56.405', NULL, '2020-08-05 18:04:56.726', 321, 'completed', 50, NULL, NULL, NULL, '');
INSERT INTO `act_hi_taskinst` VALUES ('32510', 'LeavebillOr:1:8', '_8', '32501', '32501', '', NULL, NULL, NULL, '', '2020-08-05 18:04:56.749', NULL, NULL, NULL, NULL, 50, NULL, NULL, NULL, '');
INSERT INTO `act_hi_taskinst` VALUES ('35005', 'LeavebillOr:1:8', '_7', '35001', '35001', '', NULL, NULL, NULL, '', '2020-08-06 11:26:01.373', NULL, '2020-08-06 11:26:01.824', 451, 'completed', 50, NULL, NULL, NULL, '');
INSERT INTO `act_hi_taskinst` VALUES ('35010', 'LeavebillOr:1:8', '_8', '35001', '35001', '', NULL, NULL, NULL, '', '2020-08-06 11:26:01.843', NULL, NULL, NULL, NULL, 50, NULL, NULL, NULL, '');
INSERT INTO `act_hi_taskinst` VALUES ('37505', 'LeavebillOr:1:8', '_7', '37501', '37501', '', NULL, NULL, NULL, '', '2020-08-06 19:08:13.357', NULL, '2020-08-06 19:08:13.652', 295, 'completed', 50, NULL, NULL, NULL, '');
INSERT INTO `act_hi_taskinst` VALUES ('37510', 'LeavebillOr:1:8', '_8', '37501', '37501', '', NULL, NULL, NULL, '', '2020-08-06 19:08:13.669', NULL, '2020-08-07 10:19:50.666', 54696997, 'completed', 50, NULL, NULL, NULL, '');
INSERT INTO `act_hi_taskinst` VALUES ('40005', 'LeavebillOr:1:8', '_7', '40001', '40001', '', NULL, NULL, NULL, '', '2020-08-07 09:51:28.285', NULL, '2020-08-07 09:51:28.649', 364, 'completed', 50, NULL, NULL, NULL, '');
INSERT INTO `act_hi_taskinst` VALUES ('40010', 'LeavebillOr:1:8', '_8', '40001', '40001', '', NULL, NULL, NULL, '', '2020-08-07 09:51:28.682', NULL, '2020-08-07 10:14:00.249', 1351567, 'completed', 50, NULL, NULL, NULL, '');
INSERT INTO `act_hi_taskinst` VALUES ('42505', 'LeavebillOr:1:8', '_7', '42501', '42501', '', NULL, NULL, NULL, '', '2020-08-07 10:00:33.510', NULL, '2020-08-07 10:00:33.866', 356, 'completed', 50, NULL, NULL, NULL, '');
INSERT INTO `act_hi_taskinst` VALUES ('42510', 'LeavebillOr:1:8', '_8', '42501', '42501', '', NULL, NULL, NULL, '', '2020-08-07 10:00:33.892', NULL, '2020-08-07 10:16:29.895', 956003, 'completed', 50, NULL, NULL, NULL, '');
INSERT INTO `act_hi_taskinst` VALUES ('42516', 'LeavebillOr:1:8', '_7', '42512', '42512', '', NULL, NULL, NULL, '', '2020-08-07 10:01:43.462', NULL, '2020-08-07 10:01:43.756', 294, 'completed', 50, NULL, NULL, NULL, '');
INSERT INTO `act_hi_taskinst` VALUES ('42521', 'LeavebillOr:1:8', '_8', '42512', '42512', '', NULL, NULL, NULL, '', '2020-08-07 10:01:43.766', NULL, '2020-08-07 10:16:53.496', 909730, 'completed', 50, NULL, NULL, NULL, '');
INSERT INTO `act_hi_taskinst` VALUES ('45003', 'LeavebillOr:1:8', '_9', '40001', '40001', '', NULL, NULL, NULL, '', '2020-08-07 10:14:00.292', NULL, NULL, NULL, NULL, 50, NULL, NULL, NULL, '');
INSERT INTO `act_hi_taskinst` VALUES ('45007', 'LeavebillOr:1:8', '_9', '42501', '42501', '', NULL, NULL, NULL, '', '2020-08-07 10:16:29.905', NULL, NULL, NULL, NULL, 50, NULL, NULL, NULL, '');
INSERT INTO `act_hi_taskinst` VALUES ('45011', 'LeavebillOr:1:8', '_9', '42512', '42512', '', NULL, NULL, NULL, '', '2020-08-07 10:16:53.507', NULL, NULL, NULL, NULL, 50, NULL, NULL, NULL, '');
INSERT INTO `act_hi_taskinst` VALUES ('45015', 'LeavebillOr:1:8', '_9', '5001', '5001', '', NULL, NULL, NULL, '', '2020-08-07 10:17:00.134', NULL, NULL, NULL, NULL, 50, NULL, NULL, NULL, '');
INSERT INTO `act_hi_taskinst` VALUES ('47503', 'LeavebillOr:1:8', '_9', '37501', '37501', '', NULL, NULL, NULL, '', '2020-08-07 10:19:50.708', NULL, NULL, NULL, NULL, 50, NULL, NULL, NULL, '');
INSERT INTO `act_hi_taskinst` VALUES ('50005', 'LeavebillOr:1:8', '_7', '50001', '50001', '', NULL, NULL, NULL, '', '2020-08-07 10:28:16.566', NULL, '2020-08-07 10:28:16.966', 400, 'completed', 50, NULL, NULL, NULL, '');
INSERT INTO `act_hi_taskinst` VALUES ('50010', 'LeavebillOr:1:8', '_8', '50001', '50001', '', NULL, NULL, NULL, '', '2020-08-07 10:28:16.982', NULL, NULL, NULL, NULL, 50, NULL, NULL, NULL, '');
INSERT INTO `act_hi_taskinst` VALUES ('50014', 'LeavebillOr:1:8', '_7', '10021', '10021', '', NULL, NULL, NULL, '', '2020-08-07 10:29:12.309', NULL, '2020-08-07 10:29:12.507', 198, '', 50, NULL, NULL, NULL, '');
INSERT INTO `act_hi_taskinst` VALUES ('5005', 'LeavebillOr:1:8', '_7', '5001', '5001', '', NULL, NULL, NULL, '', '2020-08-05 15:44:00.661', NULL, '2020-08-05 15:44:01.158', 497, 'completed', 50, NULL, NULL, NULL, '');
INSERT INTO `act_hi_taskinst` VALUES ('5010', 'LeavebillOr:1:8', '_8', '5001', '5001', '', NULL, NULL, NULL, '', '2020-08-05 15:44:01.177', NULL, '2020-08-07 10:17:00.124', 153178947, 'completed', 50, NULL, NULL, NULL, '');

-- ----------------------------
-- Table structure for act_hi_varinst
-- ----------------------------
DROP TABLE IF EXISTS `act_hi_varinst`;
CREATE TABLE `act_hi_varinst`  (
  `ID_` varchar(64) CHARACTER SET utf8 COLLATE utf8_bin NOT NULL,
  `PROC_INST_ID_` varchar(64) CHARACTER SET utf8 COLLATE utf8_bin NULL DEFAULT NULL,
  `EXECUTION_ID_` varchar(64) CHARACTER SET utf8 COLLATE utf8_bin NULL DEFAULT NULL,
  `TASK_ID_` varchar(64) CHARACTER SET utf8 COLLATE utf8_bin NULL DEFAULT NULL,
  `NAME_` varchar(255) CHARACTER SET utf8 COLLATE utf8_bin NOT NULL,
  `VAR_TYPE_` varchar(100) CHARACTER SET utf8 COLLATE utf8_bin NULL DEFAULT NULL,
  `REV_` int(0) NULL DEFAULT NULL,
  `BYTEARRAY_ID_` varchar(64) CHARACTER SET utf8 COLLATE utf8_bin NULL DEFAULT NULL,
  `DOUBLE_` double NULL DEFAULT NULL,
  `LONG_` bigint(0) NULL DEFAULT NULL,
  `TEXT_` varchar(4000) CHARACTER SET utf8 COLLATE utf8_bin NULL DEFAULT NULL,
  `TEXT2_` varchar(4000) CHARACTER SET utf8 COLLATE utf8_bin NULL DEFAULT NULL,
  `CREATE_TIME_` datetime(3) NULL DEFAULT NULL,
  `LAST_UPDATED_TIME_` datetime(3) NULL DEFAULT NULL,
  PRIMARY KEY (`ID_`) USING BTREE,
  INDEX `ACT_IDX_HI_PROCVAR_PROC_INST`(`PROC_INST_ID_`) USING BTREE,
  INDEX `ACT_IDX_HI_PROCVAR_NAME_TYPE`(`NAME_`, `VAR_TYPE_`) USING BTREE,
  INDEX `ACT_IDX_HI_PROCVAR_TASK_ID`(`TASK_ID_`) USING BTREE
) ENGINE = InnoDB CHARACTER SET = utf8 COLLATE = utf8_bin ROW_FORMAT = Dynamic;

-- ----------------------------
-- Records of act_hi_varinst
-- ----------------------------
INSERT INTO `act_hi_varinst` VALUES ('10024', '10021', '10021', NULL, 'username', 'string', 1, NULL, NULL, NULL, '', NULL, '2020-08-05 17:22:32.334', '2020-08-07 10:29:12.560');
INSERT INTO `act_hi_varinst` VALUES ('10029', '10021', '10021', NULL, 'outcome', 'string', 2, NULL, NULL, NULL, '', NULL, '2020-08-05 17:22:32.638', '2020-08-07 10:29:12.560');
INSERT INTO `act_hi_varinst` VALUES ('12503', '12501', '12501', NULL, 'username', 'string', 0, NULL, NULL, NULL, '', NULL, '2020-08-05 17:26:15.119', '2020-08-05 17:26:15.119');
INSERT INTO `act_hi_varinst` VALUES ('12508', '12501', '12501', NULL, 'outcome', 'string', 0, NULL, NULL, NULL, '', NULL, '2020-08-05 17:26:15.528', '2020-08-05 17:26:15.528');
INSERT INTO `act_hi_varinst` VALUES ('15003', '15001', '15001', NULL, 'username', 'string', 0, NULL, NULL, NULL, '', NULL, '2020-08-05 17:33:49.526', '2020-08-05 17:33:49.526');
INSERT INTO `act_hi_varinst` VALUES ('15008', '15001', '15001', NULL, 'outcome', 'string', 0, NULL, NULL, NULL, '', NULL, '2020-08-05 17:33:49.887', '2020-08-05 17:33:49.887');
INSERT INTO `act_hi_varinst` VALUES ('17503', '17501', '17501', NULL, 'username', 'string', 0, NULL, NULL, NULL, '', NULL, '2020-08-05 17:38:07.794', '2020-08-05 17:38:07.794');
INSERT INTO `act_hi_varinst` VALUES ('17508', '17501', '17501', NULL, 'outcome', 'string', 0, NULL, NULL, NULL, '', NULL, '2020-08-05 17:38:08.108', '2020-08-05 17:38:08.108');
INSERT INTO `act_hi_varinst` VALUES ('20003', '20001', '20001', NULL, 'username', 'string', 0, NULL, NULL, NULL, '', NULL, '2020-08-05 17:39:41.495', '2020-08-05 17:39:41.495');
INSERT INTO `act_hi_varinst` VALUES ('20008', '20001', '20001', NULL, 'outcome', 'string', 0, NULL, NULL, NULL, '', NULL, '2020-08-05 17:39:41.788', '2020-08-05 17:39:41.788');
INSERT INTO `act_hi_varinst` VALUES ('2503', '2501', '2501', NULL, 'username', 'string', 1, NULL, NULL, NULL, '', NULL, '2020-08-05 10:30:05.667', '2020-08-05 10:31:59.045');
INSERT INTO `act_hi_varinst` VALUES ('2508', '2501', '2501', NULL, 'outcome', 'string', 2, NULL, NULL, NULL, '', NULL, '2020-08-05 10:30:06.097', '2020-08-05 10:31:59.045');
INSERT INTO `act_hi_varinst` VALUES ('30003', '30001', '30001', NULL, 'username', 'string', 0, NULL, NULL, NULL, '', NULL, '2020-08-05 17:53:14.198', '2020-08-05 17:53:14.198');
INSERT INTO `act_hi_varinst` VALUES ('30008', '30001', '30001', NULL, 'outcome', 'string', 0, NULL, NULL, NULL, '', NULL, '2020-08-05 17:53:14.560', '2020-08-05 17:53:14.560');
INSERT INTO `act_hi_varinst` VALUES ('32503', '32501', '32501', NULL, 'username', 'string', 0, NULL, NULL, NULL, '', NULL, '2020-08-05 18:04:56.385', '2020-08-05 18:04:56.385');
INSERT INTO `act_hi_varinst` VALUES ('32508', '32501', '32501', NULL, 'outcome', 'string', 0, NULL, NULL, NULL, '', NULL, '2020-08-05 18:04:56.691', '2020-08-05 18:04:56.691');
INSERT INTO `act_hi_varinst` VALUES ('35003', '35001', '35001', NULL, 'username', 'string', 0, NULL, NULL, NULL, '', NULL, '2020-08-06 11:26:01.344', '2020-08-06 11:26:01.344');
INSERT INTO `act_hi_varinst` VALUES ('35008', '35001', '35001', NULL, 'outcome', 'string', 0, NULL, NULL, NULL, '', NULL, '2020-08-06 11:26:01.734', '2020-08-06 11:26:01.734');
INSERT INTO `act_hi_varinst` VALUES ('37503', '37501', '37501', NULL, 'username', 'string', 0, NULL, NULL, NULL, '', NULL, '2020-08-06 19:08:13.331', '2020-08-06 19:08:13.331');
INSERT INTO `act_hi_varinst` VALUES ('37508', '37501', '37501', NULL, 'outcome', 'string', 1, NULL, NULL, NULL, '', NULL, '2020-08-06 19:08:13.622', '2020-08-07 10:19:50.621');
INSERT INTO `act_hi_varinst` VALUES ('40003', '40001', '40001', NULL, 'username', 'string', 0, NULL, NULL, NULL, '', NULL, '2020-08-07 09:51:28.256', '2020-08-07 09:51:28.256');
INSERT INTO `act_hi_varinst` VALUES ('40008', '40001', '40001', NULL, 'outcome', 'string', 1, NULL, NULL, NULL, '', NULL, '2020-08-07 09:51:28.622', '2020-08-07 10:14:00.212');
INSERT INTO `act_hi_varinst` VALUES ('42503', '42501', '42501', NULL, 'username', 'string', 0, NULL, NULL, NULL, '', NULL, '2020-08-07 10:00:33.487', '2020-08-07 10:00:33.487');
INSERT INTO `act_hi_varinst` VALUES ('42508', '42501', '42501', NULL, 'outcome', 'string', 1, NULL, NULL, NULL, '', NULL, '2020-08-07 10:00:33.804', '2020-08-07 10:16:29.848');
INSERT INTO `act_hi_varinst` VALUES ('42514', '42512', '42512', NULL, 'username', 'string', 0, NULL, NULL, NULL, '', NULL, '2020-08-07 10:01:43.431', '2020-08-07 10:01:43.431');
INSERT INTO `act_hi_varinst` VALUES ('42519', '42512', '42512', NULL, 'outcome', 'string', 1, NULL, NULL, NULL, '', NULL, '2020-08-07 10:01:43.727', '2020-08-07 10:16:53.467');
INSERT INTO `act_hi_varinst` VALUES ('50003', '50001', '50001', NULL, 'username', 'string', 0, NULL, NULL, NULL, '', NULL, '2020-08-07 10:28:16.543', '2020-08-07 10:28:16.543');
INSERT INTO `act_hi_varinst` VALUES ('50008', '50001', '50001', NULL, 'outcome', 'string', 0, NULL, NULL, NULL, '', NULL, '2020-08-07 10:28:16.915', '2020-08-07 10:28:16.915');
INSERT INTO `act_hi_varinst` VALUES ('5003', '5001', '5001', NULL, 'username', 'string', 0, NULL, NULL, NULL, '', NULL, '2020-08-05 15:44:00.632', '2020-08-05 15:44:00.632');
INSERT INTO `act_hi_varinst` VALUES ('5008', '5001', '5001', NULL, 'outcome', 'string', 1, NULL, NULL, NULL, '', NULL, '2020-08-05 15:44:01.079', '2020-08-07 10:17:00.069');

-- ----------------------------
-- Table structure for act_id_group
-- ----------------------------
DROP TABLE IF EXISTS `act_id_group`;
CREATE TABLE `act_id_group`  (
  `ID_` varchar(64) CHARACTER SET utf8 COLLATE utf8_bin NOT NULL,
  `REV_` int(0) NULL DEFAULT NULL,
  `NAME_` varchar(255) CHARACTER SET utf8 COLLATE utf8_bin NULL DEFAULT NULL,
  `TYPE_` varchar(255) CHARACTER SET utf8 COLLATE utf8_bin NULL DEFAULT NULL,
  PRIMARY KEY (`ID_`) USING BTREE
) ENGINE = InnoDB CHARACTER SET = utf8 COLLATE = utf8_bin ROW_FORMAT = Dynamic;

-- ----------------------------
-- Table structure for act_id_info
-- ----------------------------
DROP TABLE IF EXISTS `act_id_info`;
CREATE TABLE `act_id_info`  (
  `ID_` varchar(64) CHARACTER SET utf8 COLLATE utf8_bin NOT NULL,
  `REV_` int(0) NULL DEFAULT NULL,
  `USER_ID_` varchar(64) CHARACTER SET utf8 COLLATE utf8_bin NULL DEFAULT NULL,
  `TYPE_` varchar(64) CHARACTER SET utf8 COLLATE utf8_bin NULL DEFAULT NULL,
  `KEY_` varchar(255) CHARACTER SET utf8 COLLATE utf8_bin NULL DEFAULT NULL,
  `VALUE_` varchar(255) CHARACTER SET utf8 COLLATE utf8_bin NULL DEFAULT NULL,
  `PASSWORD_` longblob NULL,
  `PARENT_ID_` varchar(255) CHARACTER SET utf8 COLLATE utf8_bin NULL DEFAULT NULL,
  PRIMARY KEY (`ID_`) USING BTREE
) ENGINE = InnoDB CHARACTER SET = utf8 COLLATE = utf8_bin ROW_FORMAT = Dynamic;

-- ----------------------------
-- Table structure for act_id_membership
-- ----------------------------
DROP TABLE IF EXISTS `act_id_membership`;
CREATE TABLE `act_id_membership`  (
  `USER_ID_` varchar(64) CHARACTER SET utf8 COLLATE utf8_bin NOT NULL,
  `GROUP_ID_` varchar(64) CHARACTER SET utf8 COLLATE utf8_bin NOT NULL,
  PRIMARY KEY (`USER_ID_`, `GROUP_ID_`) USING BTREE,
  INDEX `ACT_FK_MEMB_GROUP`(`GROUP_ID_`) USING BTREE,
  CONSTRAINT `ACT_FK_MEMB_GROUP` FOREIGN KEY (`GROUP_ID_`) REFERENCES `act_id_group` (`ID_`) ON DELETE RESTRICT ON UPDATE RESTRICT,
  CONSTRAINT `ACT_FK_MEMB_USER` FOREIGN KEY (`USER_ID_`) REFERENCES `act_id_user` (`ID_`) ON DELETE RESTRICT ON UPDATE RESTRICT
) ENGINE = InnoDB CHARACTER SET = utf8 COLLATE = utf8_bin ROW_FORMAT = Dynamic;

-- ----------------------------
-- Table structure for act_id_user
-- ----------------------------
DROP TABLE IF EXISTS `act_id_user`;
CREATE TABLE `act_id_user`  (
  `ID_` varchar(64) CHARACTER SET utf8 COLLATE utf8_bin NOT NULL,
  `REV_` int(0) NULL DEFAULT NULL,
  `FIRST_` varchar(255) CHARACTER SET utf8 COLLATE utf8_bin NULL DEFAULT NULL,
  `LAST_` varchar(255) CHARACTER SET utf8 COLLATE utf8_bin NULL DEFAULT NULL,
  `EMAIL_` varchar(255) CHARACTER SET utf8 COLLATE utf8_bin NULL DEFAULT NULL,
  `PWD_` varchar(255) CHARACTER SET utf8 COLLATE utf8_bin NULL DEFAULT NULL,
  `PICTURE_ID_` varchar(64) CHARACTER SET utf8 COLLATE utf8_bin NULL DEFAULT NULL,
  PRIMARY KEY (`ID_`) USING BTREE
) ENGINE = InnoDB CHARACTER SET = utf8 COLLATE = utf8_bin ROW_FORMAT = Dynamic;

-- ----------------------------
-- Table structure for act_procdef_info
-- ----------------------------
DROP TABLE IF EXISTS `act_procdef_info`;
CREATE TABLE `act_procdef_info`  (
  `ID_` varchar(64) CHARACTER SET utf8 COLLATE utf8_bin NOT NULL,
  `PROC_DEF_ID_` varchar(64) CHARACTER SET utf8 COLLATE utf8_bin NOT NULL,
  `REV_` int(0) NULL DEFAULT NULL,
  `INFO_JSON_ID_` varchar(64) CHARACTER SET utf8 COLLATE utf8_bin NULL DEFAULT NULL,
  PRIMARY KEY (`ID_`) USING BTREE,
  UNIQUE INDEX `ACT_UNIQ_INFO_PROCDEF`(`PROC_DEF_ID_`) USING BTREE,
  INDEX `ACT_IDX_INFO_PROCDEF`(`PROC_DEF_ID_`) USING BTREE,
  INDEX `ACT_FK_INFO_JSON_BA`(`INFO_JSON_ID_`) USING BTREE,
  CONSTRAINT `ACT_FK_INFO_JSON_BA` FOREIGN KEY (`INFO_JSON_ID_`) REFERENCES `act_ge_bytearray` (`ID_`) ON DELETE RESTRICT ON UPDATE RESTRICT,
  CONSTRAINT `ACT_FK_INFO_PROCDEF` FOREIGN KEY (`PROC_DEF_ID_`) REFERENCES `act_re_procdef` (`ID_`) ON DELETE RESTRICT ON UPDATE RESTRICT
) ENGINE = InnoDB CHARACTER SET = utf8 COLLATE = utf8_bin ROW_FORMAT = Dynamic;

-- ----------------------------
-- Table structure for act_re_deployment
-- ----------------------------
DROP TABLE IF EXISTS `act_re_deployment`;
CREATE TABLE `act_re_deployment`  (
  `ID_` varchar(64) CHARACTER SET utf8 COLLATE utf8_bin NOT NULL,
  `NAME_` varchar(255) CHARACTER SET utf8 COLLATE utf8_bin NULL DEFAULT NULL,
  `CATEGORY_` varchar(255) CHARACTER SET utf8 COLLATE utf8_bin NULL DEFAULT NULL,
  `TENANT_ID_` varchar(255) CHARACTER SET utf8 COLLATE utf8_bin NULL DEFAULT '',
  `DEPLOY_TIME_` timestamp(3) NULL DEFAULT NULL,
  PRIMARY KEY (`ID_`) USING BTREE
) ENGINE = InnoDB CHARACTER SET = utf8 COLLATE = utf8_bin ROW_FORMAT = Dynamic;

-- ----------------------------
-- Records of act_re_deployment
-- ----------------------------
INSERT INTO `act_re_deployment` VALUES ('1', '', NULL, '', '2020-08-04 16:33:49.402');
INSERT INTO `act_re_deployment` VALUES ('5', '', NULL, '', '2020-08-04 16:33:49.921');

-- ----------------------------
-- Table structure for act_re_model
-- ----------------------------
DROP TABLE IF EXISTS `act_re_model`;
CREATE TABLE `act_re_model`  (
  `ID_` varchar(64) CHARACTER SET utf8 COLLATE utf8_bin NOT NULL,
  `REV_` int(0) NULL DEFAULT NULL,
  `NAME_` varchar(255) CHARACTER SET utf8 COLLATE utf8_bin NULL DEFAULT NULL,
  `KEY_` varchar(255) CHARACTER SET utf8 COLLATE utf8_bin NULL DEFAULT NULL,
  `CATEGORY_` varchar(255) CHARACTER SET utf8 COLLATE utf8_bin NULL DEFAULT NULL,
  `CREATE_TIME_` timestamp(3) NULL DEFAULT NULL,
  `LAST_UPDATE_TIME_` timestamp(3) NULL DEFAULT NULL,
  `VERSION_` int(0) NULL DEFAULT NULL,
  `META_INFO_` varchar(4000) CHARACTER SET utf8 COLLATE utf8_bin NULL DEFAULT NULL,
  `DEPLOYMENT_ID_` varchar(64) CHARACTER SET utf8 COLLATE utf8_bin NULL DEFAULT NULL,
  `EDITOR_SOURCE_VALUE_ID_` varchar(64) CHARACTER SET utf8 COLLATE utf8_bin NULL DEFAULT NULL,
  `EDITOR_SOURCE_EXTRA_VALUE_ID_` varchar(64) CHARACTER SET utf8 COLLATE utf8_bin NULL DEFAULT NULL,
  `TENANT_ID_` varchar(255) CHARACTER SET utf8 COLLATE utf8_bin NULL DEFAULT '',
  PRIMARY KEY (`ID_`) USING BTREE,
  INDEX `ACT_FK_MODEL_SOURCE`(`EDITOR_SOURCE_VALUE_ID_`) USING BTREE,
  INDEX `ACT_FK_MODEL_SOURCE_EXTRA`(`EDITOR_SOURCE_EXTRA_VALUE_ID_`) USING BTREE,
  INDEX `ACT_FK_MODEL_DEPLOYMENT`(`DEPLOYMENT_ID_`) USING BTREE,
  CONSTRAINT `ACT_FK_MODEL_DEPLOYMENT` FOREIGN KEY (`DEPLOYMENT_ID_`) REFERENCES `act_re_deployment` (`ID_`) ON DELETE RESTRICT ON UPDATE RESTRICT,
  CONSTRAINT `ACT_FK_MODEL_SOURCE` FOREIGN KEY (`EDITOR_SOURCE_VALUE_ID_`) REFERENCES `act_ge_bytearray` (`ID_`) ON DELETE RESTRICT ON UPDATE RESTRICT,
  CONSTRAINT `ACT_FK_MODEL_SOURCE_EXTRA` FOREIGN KEY (`EDITOR_SOURCE_EXTRA_VALUE_ID_`) REFERENCES `act_ge_bytearray` (`ID_`) ON DELETE RESTRICT ON UPDATE RESTRICT
) ENGINE = InnoDB CHARACTER SET = utf8 COLLATE = utf8_bin ROW_FORMAT = Dynamic;

-- ----------------------------
-- Table structure for act_re_procdef
-- ----------------------------
DROP TABLE IF EXISTS `act_re_procdef`;
CREATE TABLE `act_re_procdef`  (
  `ID_` varchar(64) CHARACTER SET utf8 COLLATE utf8_bin NOT NULL,
  `REV_` int(0) NULL DEFAULT NULL,
  `CATEGORY_` varchar(255) CHARACTER SET utf8 COLLATE utf8_bin NULL DEFAULT NULL,
  `NAME_` varchar(255) CHARACTER SET utf8 COLLATE utf8_bin NULL DEFAULT NULL,
  `KEY_` varchar(255) CHARACTER SET utf8 COLLATE utf8_bin NOT NULL,
  `VERSION_` int(0) NOT NULL,
  `DEPLOYMENT_ID_` varchar(64) CHARACTER SET utf8 COLLATE utf8_bin NULL DEFAULT NULL,
  `RESOURCE_NAME_` varchar(4000) CHARACTER SET utf8 COLLATE utf8_bin NULL DEFAULT NULL,
  `DGRM_RESOURCE_NAME_` varchar(4000) CHARACTER SET utf8 COLLATE utf8_bin NULL DEFAULT NULL,
  `DESCRIPTION_` varchar(4000) CHARACTER SET utf8 COLLATE utf8_bin NULL DEFAULT NULL,
  `HAS_START_FORM_KEY_` tinyint(0) NULL DEFAULT NULL,
  `HAS_GRAPHICAL_NOTATION_` tinyint(0) NULL DEFAULT NULL,
  `SUSPENSION_STATE_` int(0) NULL DEFAULT NULL,
  `TENANT_ID_` varchar(255) CHARACTER SET utf8 COLLATE utf8_bin NULL DEFAULT '',
  PRIMARY KEY (`ID_`) USING BTREE,
  UNIQUE INDEX `ACT_UNIQ_PROCDEF`(`KEY_`, `VERSION_`, `TENANT_ID_`) USING BTREE
) ENGINE = InnoDB CHARACTER SET = utf8 COLLATE = utf8_bin ROW_FORMAT = Dynamic;

-- ----------------------------
-- Records of act_re_procdef
-- ----------------------------
INSERT INTO `act_re_procdef` VALUES ('Leavebill:1:4', 1, 'http://www.activiti.org/test', 'Leavebill', 'Leavebill', 1, '1', 'processes/Leavebill.bpmn', 'processes/Leavebill.Leavebill.png', NULL, 0, 1, 1, '');
INSERT INTO `act_re_procdef` VALUES ('LeavebillOr:1:8', 1, 'http://www.activiti.org/test', 'LeavebillOr', 'LeavebillOr', 1, '5', 'processes/LeavebillOr.bpmn', 'processes/LeavebillOr.LeavebillOr.png', NULL, 0, 1, 1, '');

-- ----------------------------
-- Table structure for act_ru_event_subscr
-- ----------------------------
DROP TABLE IF EXISTS `act_ru_event_subscr`;
CREATE TABLE `act_ru_event_subscr`  (
  `ID_` varchar(64) CHARACTER SET utf8 COLLATE utf8_bin NOT NULL,
  `REV_` int(0) NULL DEFAULT NULL,
  `EVENT_TYPE_` varchar(255) CHARACTER SET utf8 COLLATE utf8_bin NOT NULL,
  `EVENT_NAME_` varchar(255) CHARACTER SET utf8 COLLATE utf8_bin NULL DEFAULT NULL,
  `EXECUTION_ID_` varchar(64) CHARACTER SET utf8 COLLATE utf8_bin NULL DEFAULT NULL,
  `PROC_INST_ID_` varchar(64) CHARACTER SET utf8 COLLATE utf8_bin NULL DEFAULT NULL,
  `ACTIVITY_ID_` varchar(64) CHARACTER SET utf8 COLLATE utf8_bin NULL DEFAULT NULL,
  `CONFIGURATION_` varchar(255) CHARACTER SET utf8 COLLATE utf8_bin NULL DEFAULT NULL,
  `CREATED_` timestamp(3) NOT NULL DEFAULT CURRENT_TIMESTAMP(3),
  `PROC_DEF_ID_` varchar(64) CHARACTER SET utf8 COLLATE utf8_bin NULL DEFAULT NULL,
  `TENANT_ID_` varchar(255) CHARACTER SET utf8 COLLATE utf8_bin NULL DEFAULT '',
  PRIMARY KEY (`ID_`) USING BTREE,
  INDEX `ACT_IDX_EVENT_SUBSCR_CONFIG_`(`CONFIGURATION_`) USING BTREE,
  INDEX `ACT_FK_EVENT_EXEC`(`EXECUTION_ID_`) USING BTREE,
  CONSTRAINT `ACT_FK_EVENT_EXEC` FOREIGN KEY (`EXECUTION_ID_`) REFERENCES `act_ru_execution` (`ID_`) ON DELETE RESTRICT ON UPDATE RESTRICT
) ENGINE = InnoDB CHARACTER SET = utf8 COLLATE = utf8_bin ROW_FORMAT = Dynamic;

-- ----------------------------
-- Table structure for act_ru_execution
-- ----------------------------
DROP TABLE IF EXISTS `act_ru_execution`;
CREATE TABLE `act_ru_execution`  (
  `ID_` varchar(64) CHARACTER SET utf8 COLLATE utf8_bin NOT NULL,
  `REV_` int(0) NULL DEFAULT NULL,
  `PROC_INST_ID_` varchar(64) CHARACTER SET utf8 COLLATE utf8_bin NULL DEFAULT NULL,
  `BUSINESS_KEY_` varchar(255) CHARACTER SET utf8 COLLATE utf8_bin NULL DEFAULT NULL,
  `PARENT_ID_` varchar(64) CHARACTER SET utf8 COLLATE utf8_bin NULL DEFAULT NULL,
  `PROC_DEF_ID_` varchar(64) CHARACTER SET utf8 COLLATE utf8_bin NULL DEFAULT NULL,
  `SUPER_EXEC_` varchar(64) CHARACTER SET utf8 COLLATE utf8_bin NULL DEFAULT NULL,
  `ACT_ID_` varchar(255) CHARACTER SET utf8 COLLATE utf8_bin NULL DEFAULT NULL,
  `IS_ACTIVE_` tinyint(0) NULL DEFAULT NULL,
  `IS_CONCURRENT_` tinyint(0) NULL DEFAULT NULL,
  `IS_SCOPE_` tinyint(0) NULL DEFAULT NULL,
  `IS_EVENT_SCOPE_` tinyint(0) NULL DEFAULT NULL,
  `SUSPENSION_STATE_` int(0) NULL DEFAULT NULL,
  `CACHED_ENT_STATE_` int(0) NULL DEFAULT NULL,
  `TENANT_ID_` varchar(255) CHARACTER SET utf8 COLLATE utf8_bin NULL DEFAULT '',
  `NAME_` varchar(255) CHARACTER SET utf8 COLLATE utf8_bin NULL DEFAULT NULL,
  `LOCK_TIME_` timestamp(3) NULL DEFAULT NULL,
  PRIMARY KEY (`ID_`) USING BTREE,
  INDEX `ACT_IDX_EXEC_BUSKEY`(`BUSINESS_KEY_`) USING BTREE,
  INDEX `ACT_FK_EXE_PROCINST`(`PROC_INST_ID_`) USING BTREE,
  INDEX `ACT_FK_EXE_PARENT`(`PARENT_ID_`) USING BTREE,
  INDEX `ACT_FK_EXE_SUPER`(`SUPER_EXEC_`) USING BTREE,
  INDEX `ACT_FK_EXE_PROCDEF`(`PROC_DEF_ID_`) USING BTREE,
  CONSTRAINT `ACT_FK_EXE_PARENT` FOREIGN KEY (`PARENT_ID_`) REFERENCES `act_ru_execution` (`ID_`) ON DELETE RESTRICT ON UPDATE RESTRICT,
  CONSTRAINT `ACT_FK_EXE_PROCDEF` FOREIGN KEY (`PROC_DEF_ID_`) REFERENCES `act_re_procdef` (`ID_`) ON DELETE RESTRICT ON UPDATE RESTRICT,
  CONSTRAINT `ACT_FK_EXE_PROCINST` FOREIGN KEY (`PROC_INST_ID_`) REFERENCES `act_ru_execution` (`ID_`) ON DELETE CASCADE ON UPDATE CASCADE,
  CONSTRAINT `ACT_FK_EXE_SUPER` FOREIGN KEY (`SUPER_EXEC_`) REFERENCES `act_ru_execution` (`ID_`) ON DELETE RESTRICT ON UPDATE RESTRICT
) ENGINE = InnoDB CHARACTER SET = utf8 COLLATE = utf8_bin ROW_FORMAT = Dynamic;

-- ----------------------------
-- Records of act_ru_execution
-- ----------------------------
INSERT INTO `act_ru_execution` VALUES ('12501', 2, '12501', 'LeavebillOr:20200805172614MMZP', NULL, 'LeavebillOr:1:8', NULL, '_8', 1, 0, 1, 0, 1, 2, '', NULL, NULL);
INSERT INTO `act_ru_execution` VALUES ('15001', 2, '15001', 'LeavebillOr:202008051733493zrw', NULL, 'LeavebillOr:1:8', NULL, '_8', 1, 0, 1, 0, 1, 2, '', NULL, NULL);
INSERT INTO `act_ru_execution` VALUES ('17501', 2, '17501', 'LeavebillOr:20200805173807xoYb', NULL, 'LeavebillOr:1:8', NULL, '_8', 1, 0, 1, 0, 1, 2, '', NULL, NULL);
INSERT INTO `act_ru_execution` VALUES ('20001', 2, '20001', 'LeavebillOr:202008051739416pu3', NULL, 'LeavebillOr:1:8', NULL, '_8', 1, 0, 1, 0, 1, 2, '', NULL, NULL);
INSERT INTO `act_ru_execution` VALUES ('30001', 2, '30001', 'LeavebillOr:20200805175314huAr', NULL, 'LeavebillOr:1:8', NULL, '_8', 1, 0, 1, 0, 1, 2, '', NULL, NULL);
INSERT INTO `act_ru_execution` VALUES ('32501', 2, '32501', 'LeavebillOr:20200805180456gyp1', NULL, 'LeavebillOr:1:8', NULL, '_8', 1, 0, 1, 0, 1, 2, '', NULL, NULL);
INSERT INTO `act_ru_execution` VALUES ('35001', 2, '35001', 'LeavebillOr:20200806112601NCPz', NULL, 'LeavebillOr:1:8', NULL, '_8', 1, 0, 1, 0, 1, 2, '', NULL, NULL);
INSERT INTO `act_ru_execution` VALUES ('37501', 3, '37501', 'LeavebillOr:84', NULL, 'LeavebillOr:1:8', NULL, '_9', 1, 0, 1, 0, 1, 2, '', NULL, NULL);
INSERT INTO `act_ru_execution` VALUES ('40001', 3, '40001', 'LeavebillOr:85', NULL, 'LeavebillOr:1:8', NULL, '_9', 1, 0, 1, 0, 1, 2, '', NULL, NULL);
INSERT INTO `act_ru_execution` VALUES ('42501', 3, '42501', 'LeavebillOr:86', NULL, 'LeavebillOr:1:8', NULL, '_9', 1, 0, 1, 0, 1, 2, '', NULL, NULL);
INSERT INTO `act_ru_execution` VALUES ('42512', 3, '42512', 'LeavebillOr:87', NULL, 'LeavebillOr:1:8', NULL, '_9', 1, 0, 1, 0, 1, 2, '', NULL, NULL);
INSERT INTO `act_ru_execution` VALUES ('50001', 2, '50001', 'LeavebillOr:20200807102816CFWS', NULL, 'LeavebillOr:1:8', NULL, '_8', 1, 0, 1, 0, 1, 2, '', NULL, NULL);
INSERT INTO `act_ru_execution` VALUES ('5001', 3, '5001', 'LeavebillOr:83', NULL, 'LeavebillOr:1:8', NULL, '_9', 1, 0, 1, 0, 1, 2, '', NULL, NULL);

-- ----------------------------
-- Table structure for act_ru_identitylink
-- ----------------------------
DROP TABLE IF EXISTS `act_ru_identitylink`;
CREATE TABLE `act_ru_identitylink`  (
  `ID_` varchar(64) CHARACTER SET utf8 COLLATE utf8_bin NOT NULL,
  `REV_` int(0) NULL DEFAULT NULL,
  `GROUP_ID_` varchar(255) CHARACTER SET utf8 COLLATE utf8_bin NULL DEFAULT NULL,
  `TYPE_` varchar(255) CHARACTER SET utf8 COLLATE utf8_bin NULL DEFAULT NULL,
  `USER_ID_` varchar(255) CHARACTER SET utf8 COLLATE utf8_bin NULL DEFAULT NULL,
  `TASK_ID_` varchar(64) CHARACTER SET utf8 COLLATE utf8_bin NULL DEFAULT NULL,
  `PROC_INST_ID_` varchar(64) CHARACTER SET utf8 COLLATE utf8_bin NULL DEFAULT NULL,
  `PROC_DEF_ID_` varchar(64) CHARACTER SET utf8 COLLATE utf8_bin NULL DEFAULT NULL,
  PRIMARY KEY (`ID_`) USING BTREE,
  INDEX `ACT_IDX_IDENT_LNK_USER`(`USER_ID_`) USING BTREE,
  INDEX `ACT_IDX_IDENT_LNK_GROUP`(`GROUP_ID_`) USING BTREE,
  INDEX `ACT_IDX_ATHRZ_PROCEDEF`(`PROC_DEF_ID_`) USING BTREE,
  INDEX `ACT_FK_TSKASS_TASK`(`TASK_ID_`) USING BTREE,
  INDEX `ACT_FK_IDL_PROCINST`(`PROC_INST_ID_`) USING BTREE,
  CONSTRAINT `ACT_FK_ATHRZ_PROCEDEF` FOREIGN KEY (`PROC_DEF_ID_`) REFERENCES `act_re_procdef` (`ID_`) ON DELETE RESTRICT ON UPDATE RESTRICT,
  CONSTRAINT `ACT_FK_IDL_PROCINST` FOREIGN KEY (`PROC_INST_ID_`) REFERENCES `act_ru_execution` (`ID_`) ON DELETE RESTRICT ON UPDATE RESTRICT,
  CONSTRAINT `ACT_FK_TSKASS_TASK` FOREIGN KEY (`TASK_ID_`) REFERENCES `act_ru_task` (`ID_`) ON DELETE RESTRICT ON UPDATE RESTRICT
) ENGINE = InnoDB CHARACTER SET = utf8 COLLATE = utf8_bin ROW_FORMAT = Dynamic;

-- ----------------------------
-- Records of act_ru_identitylink
-- ----------------------------
INSERT INTO `act_ru_identitylink` VALUES ('12506', 1, NULL, 'participant', '', NULL, '12501', NULL);
INSERT INTO `act_ru_identitylink` VALUES ('12511', 1, NULL, 'participant', '', NULL, '12501', NULL);
INSERT INTO `act_ru_identitylink` VALUES ('15006', 1, NULL, 'participant', '', NULL, '15001', NULL);
INSERT INTO `act_ru_identitylink` VALUES ('15011', 1, NULL, 'participant', '', NULL, '15001', NULL);
INSERT INTO `act_ru_identitylink` VALUES ('17506', 1, NULL, 'participant', '', NULL, '17501', NULL);
INSERT INTO `act_ru_identitylink` VALUES ('17511', 1, NULL, 'participant', '', NULL, '17501', NULL);
INSERT INTO `act_ru_identitylink` VALUES ('20006', 1, NULL, 'participant', '', NULL, '20001', NULL);
INSERT INTO `act_ru_identitylink` VALUES ('20011', 1, NULL, 'participant', '', NULL, '20001', NULL);
INSERT INTO `act_ru_identitylink` VALUES ('30006', 1, NULL, 'participant', '', NULL, '30001', NULL);
INSERT INTO `act_ru_identitylink` VALUES ('30011', 1, NULL, 'participant', '', NULL, '30001', NULL);
INSERT INTO `act_ru_identitylink` VALUES ('32506', 1, NULL, 'participant', '', NULL, '32501', NULL);
INSERT INTO `act_ru_identitylink` VALUES ('32511', 1, NULL, 'participant', '', NULL, '32501', NULL);
INSERT INTO `act_ru_identitylink` VALUES ('35006', 1, NULL, 'participant', '', NULL, '35001', NULL);
INSERT INTO `act_ru_identitylink` VALUES ('35011', 1, NULL, 'participant', '', NULL, '35001', NULL);
INSERT INTO `act_ru_identitylink` VALUES ('37506', 1, NULL, 'participant', '', NULL, '37501', NULL);
INSERT INTO `act_ru_identitylink` VALUES ('37511', 1, NULL, 'participant', '', NULL, '37501', NULL);
INSERT INTO `act_ru_identitylink` VALUES ('40006', 1, NULL, 'participant', '', NULL, '40001', NULL);
INSERT INTO `act_ru_identitylink` VALUES ('40011', 1, NULL, 'participant', '', NULL, '40001', NULL);
INSERT INTO `act_ru_identitylink` VALUES ('42506', 1, NULL, 'participant', '', NULL, '42501', NULL);
INSERT INTO `act_ru_identitylink` VALUES ('42511', 1, NULL, 'participant', '', NULL, '42501', NULL);
INSERT INTO `act_ru_identitylink` VALUES ('42517', 1, NULL, 'participant', '', NULL, '42512', NULL);
INSERT INTO `act_ru_identitylink` VALUES ('42522', 1, NULL, 'participant', '', NULL, '42512', NULL);
INSERT INTO `act_ru_identitylink` VALUES ('45004', 1, NULL, 'participant', '', NULL, '40001', NULL);
INSERT INTO `act_ru_identitylink` VALUES ('45008', 1, NULL, 'participant', '', NULL, '42501', NULL);
INSERT INTO `act_ru_identitylink` VALUES ('45012', 1, NULL, 'participant', '', NULL, '42512', NULL);
INSERT INTO `act_ru_identitylink` VALUES ('45016', 1, NULL, 'participant', '', NULL, '5001', NULL);
INSERT INTO `act_ru_identitylink` VALUES ('47504', 1, NULL, 'participant', '', NULL, '37501', NULL);
INSERT INTO `act_ru_identitylink` VALUES ('50006', 1, NULL, 'participant', '', NULL, '50001', NULL);
INSERT INTO `act_ru_identitylink` VALUES ('50011', 1, NULL, 'participant', '', NULL, '50001', NULL);
INSERT INTO `act_ru_identitylink` VALUES ('5006', 1, NULL, 'participant', '', NULL, '5001', NULL);
INSERT INTO `act_ru_identitylink` VALUES ('5011', 1, NULL, 'participant', '', NULL, '5001', NULL);

-- ----------------------------
-- Table structure for act_ru_job
-- ----------------------------
DROP TABLE IF EXISTS `act_ru_job`;
CREATE TABLE `act_ru_job`  (
  `ID_` varchar(64) CHARACTER SET utf8 COLLATE utf8_bin NOT NULL,
  `REV_` int(0) NULL DEFAULT NULL,
  `TYPE_` varchar(255) CHARACTER SET utf8 COLLATE utf8_bin NOT NULL,
  `LOCK_EXP_TIME_` timestamp(3) NULL DEFAULT NULL,
  `LOCK_OWNER_` varchar(255) CHARACTER SET utf8 COLLATE utf8_bin NULL DEFAULT NULL,
  `EXCLUSIVE_` tinyint(1) NULL DEFAULT NULL,
  `EXECUTION_ID_` varchar(64) CHARACTER SET utf8 COLLATE utf8_bin NULL DEFAULT NULL,
  `PROCESS_INSTANCE_ID_` varchar(64) CHARACTER SET utf8 COLLATE utf8_bin NULL DEFAULT NULL,
  `PROC_DEF_ID_` varchar(64) CHARACTER SET utf8 COLLATE utf8_bin NULL DEFAULT NULL,
  `RETRIES_` int(0) NULL DEFAULT NULL,
  `EXCEPTION_STACK_ID_` varchar(64) CHARACTER SET utf8 COLLATE utf8_bin NULL DEFAULT NULL,
  `EXCEPTION_MSG_` varchar(4000) CHARACTER SET utf8 COLLATE utf8_bin NULL DEFAULT NULL,
  `DUEDATE_` timestamp(3) NULL DEFAULT NULL,
  `REPEAT_` varchar(255) CHARACTER SET utf8 COLLATE utf8_bin NULL DEFAULT NULL,
  `HANDLER_TYPE_` varchar(255) CHARACTER SET utf8 COLLATE utf8_bin NULL DEFAULT NULL,
  `HANDLER_CFG_` varchar(4000) CHARACTER SET utf8 COLLATE utf8_bin NULL DEFAULT NULL,
  `TENANT_ID_` varchar(255) CHARACTER SET utf8 COLLATE utf8_bin NULL DEFAULT '',
  PRIMARY KEY (`ID_`) USING BTREE,
  INDEX `ACT_FK_JOB_EXCEPTION`(`EXCEPTION_STACK_ID_`) USING BTREE,
  CONSTRAINT `ACT_FK_JOB_EXCEPTION` FOREIGN KEY (`EXCEPTION_STACK_ID_`) REFERENCES `act_ge_bytearray` (`ID_`) ON DELETE RESTRICT ON UPDATE RESTRICT
) ENGINE = InnoDB CHARACTER SET = utf8 COLLATE = utf8_bin ROW_FORMAT = Dynamic;

-- ----------------------------
-- Table structure for act_ru_task
-- ----------------------------
DROP TABLE IF EXISTS `act_ru_task`;
CREATE TABLE `act_ru_task`  (
  `ID_` varchar(64) CHARACTER SET utf8 COLLATE utf8_bin NOT NULL,
  `REV_` int(0) NULL DEFAULT NULL,
  `EXECUTION_ID_` varchar(64) CHARACTER SET utf8 COLLATE utf8_bin NULL DEFAULT NULL,
  `PROC_INST_ID_` varchar(64) CHARACTER SET utf8 COLLATE utf8_bin NULL DEFAULT NULL,
  `PROC_DEF_ID_` varchar(64) CHARACTER SET utf8 COLLATE utf8_bin NULL DEFAULT NULL,
  `NAME_` varchar(255) CHARACTER SET utf8 COLLATE utf8_bin NULL DEFAULT NULL,
  `PARENT_TASK_ID_` varchar(64) CHARACTER SET utf8 COLLATE utf8_bin NULL DEFAULT NULL,
  `DESCRIPTION_` varchar(4000) CHARACTER SET utf8 COLLATE utf8_bin NULL DEFAULT NULL,
  `TASK_DEF_KEY_` varchar(255) CHARACTER SET utf8 COLLATE utf8_bin NULL DEFAULT NULL,
  `OWNER_` varchar(255) CHARACTER SET utf8 COLLATE utf8_bin NULL DEFAULT NULL,
  `ASSIGNEE_` varchar(255) CHARACTER SET utf8 COLLATE utf8_bin NULL DEFAULT NULL,
  `DELEGATION_` varchar(64) CHARACTER SET utf8 COLLATE utf8_bin NULL DEFAULT NULL,
  `PRIORITY_` int(0) NULL DEFAULT NULL,
  `CREATE_TIME_` timestamp(3) NULL DEFAULT NULL,
  `DUE_DATE_` datetime(3) NULL DEFAULT NULL,
  `CATEGORY_` varchar(255) CHARACTER SET utf8 COLLATE utf8_bin NULL DEFAULT NULL,
  `SUSPENSION_STATE_` int(0) NULL DEFAULT NULL,
  `TENANT_ID_` varchar(255) CHARACTER SET utf8 COLLATE utf8_bin NULL DEFAULT '',
  `FORM_KEY_` varchar(255) CHARACTER SET utf8 COLLATE utf8_bin NULL DEFAULT NULL,
  PRIMARY KEY (`ID_`) USING BTREE,
  INDEX `ACT_IDX_TASK_CREATE`(`CREATE_TIME_`) USING BTREE,
  INDEX `ACT_FK_TASK_EXE`(`EXECUTION_ID_`) USING BTREE,
  INDEX `ACT_FK_TASK_PROCINST`(`PROC_INST_ID_`) USING BTREE,
  INDEX `ACT_FK_TASK_PROCDEF`(`PROC_DEF_ID_`) USING BTREE,
  CONSTRAINT `ACT_FK_TASK_EXE` FOREIGN KEY (`EXECUTION_ID_`) REFERENCES `act_ru_execution` (`ID_`) ON DELETE RESTRICT ON UPDATE RESTRICT,
  CONSTRAINT `ACT_FK_TASK_PROCDEF` FOREIGN KEY (`PROC_DEF_ID_`) REFERENCES `act_re_procdef` (`ID_`) ON DELETE RESTRICT ON UPDATE RESTRICT,
  CONSTRAINT `ACT_FK_TASK_PROCINST` FOREIGN KEY (`PROC_INST_ID_`) REFERENCES `act_ru_execution` (`ID_`) ON DELETE RESTRICT ON UPDATE RESTRICT
) ENGINE = InnoDB CHARACTER SET = utf8 COLLATE = utf8_bin ROW_FORMAT = Dynamic;

-- ----------------------------
-- Records of act_ru_task
-- ----------------------------
INSERT INTO `act_ru_task` VALUES ('12510', 1, '12501', '12501', 'LeavebillOr:1:8', '', NULL, NULL, '_8', NULL, '', NULL, 50, '2020-08-05 17:26:15.577', NULL, NULL, 1, '', NULL);
INSERT INTO `act_ru_task` VALUES ('15010', 1, '15001', '15001', 'LeavebillOr:1:8', '', NULL, NULL, '_8', NULL, '', NULL, 50, '2020-08-05 17:33:49.941', NULL, NULL, 1, '', NULL);
INSERT INTO `act_ru_task` VALUES ('17510', 1, '17501', '17501', 'LeavebillOr:1:8', '', NULL, NULL, '_8', NULL, '', NULL, 50, '2020-08-05 17:38:08.185', NULL, NULL, 1, '', NULL);
INSERT INTO `act_ru_task` VALUES ('20010', 1, '20001', '20001', 'LeavebillOr:1:8', '', NULL, NULL, '_8', NULL, '', NULL, 50, '2020-08-05 17:39:41.861', NULL, NULL, 1, '', NULL);
INSERT INTO `act_ru_task` VALUES ('30010', 1, '30001', '30001', 'LeavebillOr:1:8', '', NULL, NULL, '_8', NULL, '', NULL, 50, '2020-08-05 17:53:14.619', NULL, NULL, 1, '', NULL);
INSERT INTO `act_ru_task` VALUES ('32510', 1, '32501', '32501', 'LeavebillOr:1:8', '', NULL, NULL, '_8', NULL, '', NULL, 50, '2020-08-05 18:04:56.749', NULL, NULL, 1, '', NULL);
INSERT INTO `act_ru_task` VALUES ('35010', 1, '35001', '35001', 'LeavebillOr:1:8', '', NULL, NULL, '_8', NULL, '', NULL, 50, '2020-08-06 11:26:01.843', NULL, NULL, 1, '', NULL);
INSERT INTO `act_ru_task` VALUES ('45003', 1, '40001', '40001', 'LeavebillOr:1:8', '', NULL, NULL, '_9', NULL, '', NULL, 50, '2020-08-07 10:14:00.292', NULL, NULL, 1, '', NULL);
INSERT INTO `act_ru_task` VALUES ('45007', 1, '42501', '42501', 'LeavebillOr:1:8', '', NULL, NULL, '_9', NULL, '', NULL, 50, '2020-08-07 10:16:29.905', NULL, NULL, 1, '', NULL);
INSERT INTO `act_ru_task` VALUES ('45011', 1, '42512', '42512', 'LeavebillOr:1:8', '', NULL, NULL, '_9', NULL, '', NULL, 50, '2020-08-07 10:16:53.507', NULL, NULL, 1, '', NULL);
INSERT INTO `act_ru_task` VALUES ('45015', 1, '5001', '5001', 'LeavebillOr:1:8', '', NULL, NULL, '_9', NULL, '', NULL, 50, '2020-08-07 10:17:00.134', NULL, NULL, 1, '', NULL);
INSERT INTO `act_ru_task` VALUES ('47503', 1, '37501', '37501', 'LeavebillOr:1:8', '', NULL, NULL, '_9', NULL, '', NULL, 50, '2020-08-07 10:19:50.708', NULL, NULL, 1, '', NULL);
INSERT INTO `act_ru_task` VALUES ('50010', 1, '50001', '50001', 'LeavebillOr:1:8', '', NULL, NULL, '_8', NULL, '', NULL, 50, '2020-08-07 10:28:16.982', NULL, NULL, 1, '', NULL);

-- ----------------------------
-- Table structure for act_ru_variable
-- ----------------------------
DROP TABLE IF EXISTS `act_ru_variable`;
CREATE TABLE `act_ru_variable`  (
  `ID_` varchar(64) CHARACTER SET utf8 COLLATE utf8_bin NOT NULL,
  `REV_` int(0) NULL DEFAULT NULL,
  `TYPE_` varchar(255) CHARACTER SET utf8 COLLATE utf8_bin NOT NULL,
  `NAME_` varchar(255) CHARACTER SET utf8 COLLATE utf8_bin NOT NULL,
  `EXECUTION_ID_` varchar(64) CHARACTER SET utf8 COLLATE utf8_bin NULL DEFAULT NULL,
  `PROC_INST_ID_` varchar(64) CHARACTER SET utf8 COLLATE utf8_bin NULL DEFAULT NULL,
  `TASK_ID_` varchar(64) CHARACTER SET utf8 COLLATE utf8_bin NULL DEFAULT NULL,
  `BYTEARRAY_ID_` varchar(64) CHARACTER SET utf8 COLLATE utf8_bin NULL DEFAULT NULL,
  `DOUBLE_` double NULL DEFAULT NULL,
  `LONG_` bigint(0) NULL DEFAULT NULL,
  `TEXT_` varchar(4000) CHARACTER SET utf8 COLLATE utf8_bin NULL DEFAULT NULL,
  `TEXT2_` varchar(4000) CHARACTER SET utf8 COLLATE utf8_bin NULL DEFAULT NULL,
  PRIMARY KEY (`ID_`) USING BTREE,
  INDEX `ACT_IDX_VARIABLE_TASK_ID`(`TASK_ID_`) USING BTREE,
  INDEX `ACT_FK_VAR_EXE`(`EXECUTION_ID_`) USING BTREE,
  INDEX `ACT_FK_VAR_PROCINST`(`PROC_INST_ID_`) USING BTREE,
  INDEX `ACT_FK_VAR_BYTEARRAY`(`BYTEARRAY_ID_`) USING BTREE,
  CONSTRAINT `ACT_FK_VAR_BYTEARRAY` FOREIGN KEY (`BYTEARRAY_ID_`) REFERENCES `act_ge_bytearray` (`ID_`) ON DELETE RESTRICT ON UPDATE RESTRICT,
  CONSTRAINT `ACT_FK_VAR_EXE` FOREIGN KEY (`EXECUTION_ID_`) REFERENCES `act_ru_execution` (`ID_`) ON DELETE RESTRICT ON UPDATE RESTRICT,
  CONSTRAINT `ACT_FK_VAR_PROCINST` FOREIGN KEY (`PROC_INST_ID_`) REFERENCES `act_ru_execution` (`ID_`) ON DELETE RESTRICT ON UPDATE RESTRICT
) ENGINE = InnoDB CHARACTER SET = utf8 COLLATE = utf8_bin ROW_FORMAT = Dynamic;

-- ----------------------------
-- Records of act_ru_variable
-- ----------------------------
INSERT INTO `act_ru_variable` VALUES ('12503', 1, 'string', 'username', '12501', '12501', NULL, NULL, NULL, NULL, '', NULL);
INSERT INTO `act_ru_variable` VALUES ('12508', 1, 'string', 'outcome', '12501', '12501', NULL, NULL, NULL, NULL, '', NULL);
INSERT INTO `act_ru_variable` VALUES ('15003', 1, 'string', 'username', '15001', '15001', NULL, NULL, NULL, NULL, '', NULL);
INSERT INTO `act_ru_variable` VALUES ('15008', 1, 'string', 'outcome', '15001', '15001', NULL, NULL, NULL, NULL, '', NULL);
INSERT INTO `act_ru_variable` VALUES ('17503', 1, 'string', 'username', '17501', '17501', NULL, NULL, NULL, NULL, '', NULL);
INSERT INTO `act_ru_variable` VALUES ('17508', 1, 'string', 'outcome', '17501', '17501', NULL, NULL, NULL, NULL, '', NULL);
INSERT INTO `act_ru_variable` VALUES ('20003', 1, 'string', 'username', '20001', '20001', NULL, NULL, NULL, NULL, '', NULL);
INSERT INTO `act_ru_variable` VALUES ('20008', 1, 'string', 'outcome', '20001', '20001', NULL, NULL, NULL, NULL, '', NULL);
INSERT INTO `act_ru_variable` VALUES ('30003', 1, 'string', 'username', '30001', '30001', NULL, NULL, NULL, NULL, '', NULL);
INSERT INTO `act_ru_variable` VALUES ('30008', 1, 'string', 'outcome', '30001', '30001', NULL, NULL, NULL, NULL, '', NULL);
INSERT INTO `act_ru_variable` VALUES ('32503', 1, 'string', 'username', '32501', '32501', NULL, NULL, NULL, NULL, '', NULL);
INSERT INTO `act_ru_variable` VALUES ('32508', 1, 'string', 'outcome', '32501', '32501', NULL, NULL, NULL, NULL, '', NULL);
INSERT INTO `act_ru_variable` VALUES ('35003', 1, 'string', 'username', '35001', '35001', NULL, NULL, NULL, NULL, '', NULL);
INSERT INTO `act_ru_variable` VALUES ('35008', 1, 'string', 'outcome', '35001', '35001', NULL, NULL, NULL, NULL, '', NULL);
INSERT INTO `act_ru_variable` VALUES ('37503', 1, 'string', 'username', '37501', '37501', NULL, NULL, NULL, NULL, '', NULL);
INSERT INTO `act_ru_variable` VALUES ('37508', 2, 'string', 'outcome', '37501', '37501', NULL, NULL, NULL, NULL, '', NULL);
INSERT INTO `act_ru_variable` VALUES ('40003', 1, 'string', 'username', '40001', '40001', NULL, NULL, NULL, NULL, '', NULL);
INSERT INTO `act_ru_variable` VALUES ('40008', 2, 'string', 'outcome', '40001', '40001', NULL, NULL, NULL, NULL, '', NULL);
INSERT INTO `act_ru_variable` VALUES ('42503', 1, 'string', 'username', '42501', '42501', NULL, NULL, NULL, NULL, '', NULL);
INSERT INTO `act_ru_variable` VALUES ('42508', 2, 'string', 'outcome', '42501', '42501', NULL, NULL, NULL, NULL, '', NULL);
INSERT INTO `act_ru_variable` VALUES ('42514', 1, 'string', 'username', '42512', '42512', NULL, NULL, NULL, NULL, '', NULL);
INSERT INTO `act_ru_variable` VALUES ('42519', 2, 'string', 'outcome', '42512', '42512', NULL, NULL, NULL, NULL, '', NULL);
INSERT INTO `act_ru_variable` VALUES ('50003', 1, 'string', 'username', '50001', '50001', NULL, NULL, NULL, NULL, '', NULL);
INSERT INTO `act_ru_variable` VALUES ('50008', 1, 'string', 'outcome', '50001', '50001', NULL, NULL, NULL, NULL, '', NULL);
INSERT INTO `act_ru_variable` VALUES ('5003', 1, 'string', 'username', '5001', '5001', NULL, NULL, NULL, NULL, '', NULL);
INSERT INTO `act_ru_variable` VALUES ('5008', 2, 'string', 'outcome', '5001', '5001', NULL, NULL, NULL, NULL, '', NULL);

-- ----------------------------
-- Table structure for attendance
-- ----------------------------
DROP TABLE IF EXISTS `attendance`;
CREATE TABLE `attendance`  (
  `AttendanceID` int(0) NOT NULL AUTO_INCREMENT COMMENT 'ID ID',
  `UserID` int(0) NOT NULL COMMENT 'ID',
  `DeptID` int(0) NOT NULL COMMENT 'ID',
  `WorkDate` datetime(0) NOT NULL COMMENT '',
  `CloseDate` datetime(0) NULL DEFAULT NULL COMMENT '',
  `AttendanceDesc` varchar(200) CHARACTER SET utf8 COLLATE utf8_general_ci NULL DEFAULT NULL COMMENT '',
  `CreateDate` datetime(0) NULL DEFAULT NULL COMMENT '',
  `ModifyDate` datetime(0) NULL DEFAULT NULL COMMENT '',
  PRIMARY KEY (`AttendanceID`) USING BTREE
) ENGINE = InnoDB AUTO_INCREMENT = 28 CHARACTER SET = utf8 COLLATE = utf8_general_ci ROW_FORMAT = Dynamic;

-- ----------------------------
-- Records of attendance
-- ----------------------------
INSERT INTO `attendance` VALUES (13, 13, 1, '2020-07-21 09:14:47', '2020-07-21 09:15:06', '', '2020-07-21 09:14:47', '2020-07-21 09:15:08');
INSERT INTO `attendance` VALUES (14, 13, 1, '2020-07-27 09:47:55', NULL, '', '2020-07-27 09:47:55', NULL);
INSERT INTO `attendance` VALUES (15, 13, 1, '2020-07-29 10:59:58', NULL, '', '2020-07-29 10:59:58', NULL);
INSERT INTO `attendance` VALUES (16, 1, 1, '2020-07-29 15:45:12', NULL, '', '2020-07-29 15:45:12', NULL);
INSERT INTO `attendance` VALUES (17, 1, 1, '2020-07-31 11:50:46', NULL, '', '2020-07-31 11:50:46', NULL);
INSERT INTO `attendance` VALUES (21, 13, 1, '2020-07-31 16:00:15', '2020-07-31 17:32:05', '', '2020-07-31 16:00:15', '2020-07-31 17:32:05');
INSERT INTO `attendance` VALUES (24, 16, 1, '2020-07-31 16:04:28', '2020-07-31 17:30:50', '', '2020-07-31 16:04:28', '2020-07-31 17:30:50');
INSERT INTO `attendance` VALUES (25, 15, 1, '2020-07-31 17:30:51', '2020-07-31 17:31:18', '', '2020-07-31 17:30:51', '2020-07-31 17:31:18');
INSERT INTO `attendance` VALUES (26, 13, 1, '2020-08-03 08:39:00', NULL, NULL, '2020-08-03 08:39:00', NULL);
INSERT INTO `attendance` VALUES (27, 14, 1, '2020-08-03 09:21:49', NULL, '', '2020-08-03 09:21:49', NULL);

-- ----------------------------
-- Table structure for attendancesynthesis
-- ----------------------------
DROP TABLE IF EXISTS `attendancesynthesis`;
CREATE TABLE `attendancesynthesis`  (
  `AttenSynID` int(0) NOT NULL AUTO_INCREMENT COMMENT '\r\n\r\nID ID',
  `UserId` int(0) NOT NULL COMMENT '\r\n\r\nID',
  `DeptID` int(0) NOT NULL COMMENT 'ID',
  `ApplyDate` date NOT NULL COMMENT '',
  `Address` varchar(200) CHARACTER SET utf8 COLLATE utf8_general_ci NULL DEFAULT NULL COMMENT ' /',
  `BeganDate` date NOT NULL COMMENT '',
  `EndDate` date NULL DEFAULT NULL COMMENT '',
  `Type` int(0) NULL DEFAULT NULL COMMENT ' ',
  `Desc` varchar(200) CHARACTER SET utf8 COLLATE utf8_general_ci NULL DEFAULT NULL COMMENT '',
  `Status` int(0) NULL DEFAULT NULL COMMENT ' ',
  `CreateDate` datetime(0) NOT NULL COMMENT '',
  `ModifyDate` datetime(0) NULL DEFAULT NULL COMMENT '',
  PRIMARY KEY (`AttenSynID`) USING BTREE
) ENGINE = InnoDB CHARACTER SET = utf8 COLLATE = utf8_general_ci ROW_FORMAT = Dynamic;

-- ----------------------------
-- Table structure for collect
-- ----------------------------
DROP TABLE IF EXISTS `collect`;
CREATE TABLE `collect`  (
  `CollectId` int(0) NOT NULL AUTO_INCREMENT COMMENT 'ID ID',
  `CorpId` int(0) NOT NULL COMMENT ' ID',
  `DeptId` int(0) NOT NULL COMMENT ' ID',
  `UserId` int(0) NOT NULL COMMENT ' ID',
  `GoodsName` varchar(50) CHARACTER SET utf8 COLLATE utf8_general_ci NOT NULL COMMENT '',
  `Unit` varchar(20) CHARACTER SET utf8 COLLATE utf8_general_ci NOT NULL COMMENT '',
  `Type` varchar(20) CHARACTER SET utf8 COLLATE utf8_general_ci NOT NULL COMMENT '',
  `Numbe` int(0) NOT NULL COMMENT '',
  `CreateDate` datetime(0) NOT NULL COMMENT '',
  `ModifyDate` datetime(0) NULL DEFAULT NULL COMMENT '',
  PRIMARY KEY (`CollectId`) USING BTREE
) ENGINE = InnoDB CHARACTER SET = utf8 COLLATE = utf8_general_ci ROW_FORMAT = Dynamic;

-- ----------------------------
-- Table structure for corpbasicinfo
-- ----------------------------
DROP TABLE IF EXISTS `corpbasicinfo`;
CREATE TABLE `corpbasicinfo`  (
  `CorpId` int(0) NOT NULL AUTO_INCREMENT COMMENT 'ID',
  `CorpCode` varchar(18) CHARACTER SET utf8 COLLATE utf8_general_ci NOT NULL COMMENT '',
  `CorpName` varchar(200) CHARACTER SET utf8 COLLATE utf8_general_ci NOT NULL COMMENT '',
  `CorpType` int(0) NULL DEFAULT NULL COMMENT '',
  `LicenseNum` varchar(50) CHARACTER SET utf8 COLLATE utf8_general_ci NULL DEFAULT NULL COMMENT '',
  `Address` varchar(200) CHARACTER SET utf8 COLLATE utf8_general_ci NOT NULL COMMENT '',
  `ZipCode` varchar(6) CHARACTER SET utf8 COLLATE utf8_general_ci NULL DEFAULT NULL COMMENT '',
  `LegalMan` varchar(50) CHARACTER SET utf8 COLLATE utf8_general_ci NULL DEFAULT NULL COMMENT '',
  `LegalManDuty` varchar(50) CHARACTER SET utf8 COLLATE utf8_general_ci NULL DEFAULT NULL COMMENT '',
  `LegalManIdCardType` int(0) NULL DEFAULT NULL COMMENT '',
  `LegalManIdCardNumber` varchar(30) CHARACTER SET utf8 COLLATE utf8_general_ci NULL DEFAULT NULL COMMENT '',
  `RegisterDate` date NULL DEFAULT NULL COMMENT '',
  `EstablishDate` date NULL DEFAULT NULL COMMENT '',
  `OfficPhone` varchar(20) CHARACTER SET utf8 COLLATE utf8_general_ci NULL DEFAULT NULL COMMENT '',
  `FaxNumber` varchar(20) CHARACTER SET utf8 COLLATE utf8_general_ci NULL DEFAULT NULL COMMENT '',
  `LinkMan` varchar(50) CHARACTER SET utf8 COLLATE utf8_general_ci NULL DEFAULT NULL COMMENT '',
  `LinkPhone` varchar(50) CHARACTER SET utf8 COLLATE utf8_general_ci NULL DEFAULT NULL COMMENT '',
  `SignName` varchar(50) CHARACTER SET utf8 COLLATE utf8_general_ci NULL DEFAULT NULL COMMENT '',
  `SignUrl` varchar(50) CHARACTER SET utf8 COLLATE utf8_general_ci NULL DEFAULT NULL COMMENT 'URL',
  `Email` varchar(100) CHARACTER SET utf8 COLLATE utf8_general_ci NULL DEFAULT NULL COMMENT '',
  `Website` varchar(200) CHARACTER SET utf8 COLLATE utf8_general_ci NULL DEFAULT NULL COMMENT '',
  `CreateDate` datetime(0) NOT NULL COMMENT '',
  `ModifyDate` datetime(0) NULL DEFAULT NULL COMMENT '',
  PRIMARY KEY (`CorpId`) USING BTREE
) ENGINE = InnoDB AUTO_INCREMENT = 12 CHARACTER SET = utf8 COLLATE = utf8_general_ci COMMENT = '' ROW_FORMAT = Dynamic;

-- ----------------------------
-- Records of corpbasicinfo
-- ----------------------------
INSERT INTO `corpbasicinfo` VALUES (1, '2331438941', '', 2, '24441412553', '', '471800', '', '', 1, '410323199808015000', '2020-08-05', '2020-08-05', '110', '120', '', '15290597459', '', 'signurl.png', '2331438941@qq.com', 'www.github.com', '2020-07-20 14:34:30', '2020-08-07 14:39:16');
INSERT INTO `corpbasicinfo` VALUES (2, '2', '', 1, '1', '1', '1', '', '1', 1, '1', '2020-07-20', NULL, NULL, NULL, NULL, NULL, NULL, NULL, NULL, 'www.baidu.com', '2020-07-20 14:56:17', NULL);
INSERT INTO `corpbasicinfo` VALUES (5, '132456', '', 1, '123456', '', '471800', '1', 'ceo', 1, '410323199808015036', '2020-07-20', '2020-07-20', '123456', '123456', '', '15290597459', NULL, NULL, '', '', '2020-07-20 15:54:41', NULL);
INSERT INTO `corpbasicinfo` VALUES (6, '', '', 0, '', '', '', '', '', 0, '410325199703056512', '2020-07-30', '2020-07-30', '', '', '', '15225513715', '1231321', '123123132', '123@163.com', 'GV', '2020-07-30 14:48:13', NULL);
INSERT INTO `corpbasicinfo` VALUES (10, '333', '333', 0, '333', '33', '33', '33', '333', 1, '410325199702057512', '2020-08-05', '2020-08-05', '333', '', '', '15225133715', '', '33.png', '152@163.com', 'www.baidu.com', '2020-08-05 09:40:07', NULL);

-- ----------------------------
-- Table structure for department
-- ----------------------------
DROP TABLE IF EXISTS `department`;
CREATE TABLE `department`  (
  `DeptId` int(0) NOT NULL AUTO_INCREMENT COMMENT ' ID',
  `DeptName` varchar(50) CHARACTER SET utf8 COLLATE utf8_general_ci NOT NULL COMMENT '',
  `DeptHeadID` int(0) NOT NULL COMMENT '',
  `DeptDesc` varchar(200) CHARACTER SET utf8 COLLATE utf8_general_ci NOT NULL COMMENT '',
  `CorpId` int(0) NOT NULL COMMENT ' ',
  `CreateDate` datetime(0) NOT NULL COMMENT '',
  `ModifyDate` datetime(0) NULL DEFAULT NULL COMMENT '',
  PRIMARY KEY (`DeptId`) USING BTREE
) ENGINE = InnoDB AUTO_INCREMENT = 15 CHARACTER SET = utf8 COLLATE = utf8_general_ci ROW_FORMAT = Dynamic;

-- ----------------------------
-- Records of department
-- ----------------------------
INSERT INTO `department` VALUES (1, '', 18, '', 1, '2020-07-28 12:56:33', NULL);
INSERT INTO `department` VALUES (2, '', 18, '', 2, '2020-08-04 15:49:35', NULL);
INSERT INTO `department` VALUES (5, '', 18, '1234564879864116546', 1, '2020-08-05 10:18:04', NULL);
INSERT INTO `department` VALUES (8, '456', 18, '12345678912', 1, '2020-08-05 10:36:17', NULL);
INSERT INTO `department` VALUES (11, '', 19, '', 1, '2020-08-06 17:18:50', NULL);
INSERT INTO `department` VALUES (13, 'VG', 19, '', 1, '2020-08-06 17:21:58', NULL);
INSERT INTO `department` VALUES (14, '', 20, '', 1, '2020-08-06 17:52:39', NULL);

-- ----------------------------
-- Table structure for employee
-- ----------------------------
DROP TABLE IF EXISTS `employee`;
CREATE TABLE `employee`  (
  `EmployeeId` int(0) NOT NULL AUTO_INCREMENT COMMENT 'ID ID',
  `CorpId` int(0) NOT NULL COMMENT 'ID ',
  `DepartmentId` int(0) NOT NULL COMMENT 'ID ',
  `SuperID` int(0) NOT NULL COMMENT 'id',
  `Name` varchar(50) CHARACTER SET utf8 COLLATE utf8_general_ci NOT NULL COMMENT '',
  `JobTitle` varchar(30) CHARACTER SET utf8 COLLATE utf8_general_ci NOT NULL COMMENT '',
  `IdcardType` int(0) NULL DEFAULT NULL COMMENT ' ',
  `IdcardNumber` varchar(30) CHARACTER SET utf8 COLLATE utf8_general_ci NULL DEFAULT NULL COMMENT '',
  `Status` int(0) NULL DEFAULT NULL COMMENT ' ',
  `Gender` int(0) NULL DEFAULT NULL COMMENT ' ',
  `Age` int(0) NULL DEFAULT NULL COMMENT '',
  `Nation` varchar(10) CHARACTER SET utf8 COLLATE utf8_general_ci NULL DEFAULT NULL COMMENT ' ',
  `EduLevel` int(0) NULL DEFAULT NULL COMMENT '',
  `Birthday` date NULL DEFAULT NULL COMMENT '',
  `Address` varchar(200) CHARACTER SET utf8 COLLATE utf8_general_ci NULL DEFAULT NULL COMMENT '',
  `EntryDate` date NULL DEFAULT NULL COMMENT '',
  `RegularDate` date NULL DEFAULT NULL COMMENT '',
  `DepartureDate` date NULL DEFAULT NULL COMMENT '',
  `HeadimageUrl` varchar(300) CHARACTER SET utf8 COLLATE utf8_general_ci NULL DEFAULT NULL COMMENT ' 358px*441px',
  `PoliticsType` int(0) NULL DEFAULT NULL COMMENT '',
  `CellPhone` varchar(20) CHARACTER SET utf8 COLLATE utf8_general_ci NULL DEFAULT NULL COMMENT '',
  `Email` varchar(100) CHARACTER SET utf8 COLLATE utf8_general_ci NULL DEFAULT NULL COMMENT '',
  `AuthorizationCode` varchar(50) CHARACTER SET utf8 COLLATE utf8_general_ci NULL DEFAULT NULL COMMENT '',
  `UrgentLinkMan` varchar(50) CHARACTER SET utf8 COLLATE utf8_general_ci NULL DEFAULT NULL COMMENT '',
  `UrgentLinkManPhone` varchar(50) CHARACTER SET utf8 COLLATE utf8_general_ci NULL DEFAULT NULL COMMENT '',
  `PositiveIdCardImageurl` varchar(300) CHARACTER SET utf8 COLLATE utf8_general_ci NULL DEFAULT NULL COMMENT ' URL',
  `NegativeIdCardImageurl` varchar(300) CHARACTER SET utf8 COLLATE utf8_general_ci NULL DEFAULT NULL COMMENT ' URL',
  `FileinfoId` int(0) NULL DEFAULT NULL COMMENT 'URL ',
  `CreateDate` datetime(0) NULL DEFAULT NULL COMMENT '',
  `ModifyDate` datetime(0) NULL DEFAULT NULL COMMENT '',
  PRIMARY KEY (`EmployeeId`) USING BTREE
) ENGINE = InnoDB AUTO_INCREMENT = 21 CHARACTER SET = utf8 COLLATE = utf8_general_ci COMMENT = '' ROW_FORMAT = Dynamic;

-- ----------------------------
-- Records of employee
-- ----------------------------
INSERT INTO `employee` VALUES (1, 1, 1, 0, '', '', NULL, NULL, NULL, NULL, NULL, NULL, NULL, NULL, NULL, NULL, NULL, NULL, NULL, NULL, NULL, NULL, NULL, NULL, NULL, NULL, NULL, NULL, NULL, NULL);
INSERT INTO `employee` VALUES (13, 1, 2, 18, '', 'java', 1, '410323199808015036', 1, 0, 18, '', 1, '2020-02-02', '', '2020-02-20', '2020-02-01', NULL, NULL, 1, '15290597459', 'houxuyang0801@163.com', '', '', '110', NULL, NULL, NULL, '2020-07-20 13:43:28', NULL);
INSERT INTO `employee` VALUES (18, 1, 1, 1, '', '', 1, '123', 1, 1, 18, '', 1, '2020-07-28', '', '2020-07-28', '2020-07-28', NULL, '.png', 1, '10086', '674276553@qq.com', '', 'chr', '10010', NULL, NULL, NULL, '2020-07-28 11:51:18', NULL);
INSERT INTO `employee` VALUES (19, 1, 2, 13, '', 'Java', 1, '41030519970816001X', 1, 1, 22, '', 1, '2020-07-08', '123', '2020-07-23', '2017-07-23', NULL, NULL, 1, '18567177471', '806950553@qq.com', '', '', '', NULL, NULL, NULL, '2020-07-29 16:03:06', NULL);
INSERT INTO `employee` VALUES (20, 1, 1, 13, '', '', 1, '410323199303099259', 1, 0, 27, '', 5, '1993-03-09', '', '2020-07-31', '2020-08-01', NULL, NULL, 4, '1000000', '2924332408@qq.com', '', '', '', NULL, NULL, NULL, '2020-07-31 15:53:26', NULL);

-- ----------------------------
-- Table structure for fileinfo
-- ----------------------------
DROP TABLE IF EXISTS `fileinfo`;
CREATE TABLE `fileinfo`  (
  `FileInfoID` int(0) NOT NULL AUTO_INCREMENT COMMENT 'ID ',
  `CorpID` int(0) NOT NULL COMMENT 'ID',
  `FileInfoType` int(0) NOT NULL COMMENT ' ',
  `BusinessSysNo` int(0) NULL DEFAULT NULL COMMENT '',
  `Name` varchar(50) CHARACTER SET utf8 COLLATE utf8_general_ci NOT NULL COMMENT '',
  `URL` varchar(300) CHARACTER SET utf8 COLLATE utf8_general_ci NOT NULL COMMENT ' ',
  `CreateDate` datetime(0) NOT NULL COMMENT '',
  `ModifyDate` datetime(0) NULL DEFAULT NULL COMMENT '',
  PRIMARY KEY (`FileInfoID`) USING BTREE
) ENGINE = InnoDB AUTO_INCREMENT = 114 CHARACTER SET = utf8 COLLATE = utf8_general_ci ROW_FORMAT = Dynamic;

-- ----------------------------
-- Records of fileinfo
-- ----------------------------
INSERT INTO `fileinfo` VALUES (139, 1, 4, NULL, '5148', '5148dsXLYteG.docx', '2020-08-07 15:42:59', '2020-08-07 15:42:59');
INSERT INTO `fileinfo` VALUES (140, 1, 4, NULL, '1245', '1245AXrIq6gy.docx', '2020-08-07 15:46:57', '2020-08-07 15:46:58');
INSERT INTO `fileinfo` VALUES (141, 1, 4, NULL, '7891', '7891KxFaSa10.docx', '2020-08-07 15:48:58', '2020-08-07 15:48:59');
INSERT INTO `fileinfo` VALUES (142, 1, 4, NULL, 'ertgdf3', 'ertgdf3VQFRd0A9.docx', '2020-08-07 15:51:32', '2020-08-07 15:51:32');

-- ----------------------------
-- Table structure for fileinfotemporary
-- ----------------------------
DROP TABLE IF EXISTS `fileinfotemporary`;
CREATE TABLE `fileinfotemporary`  (
  `FileInfoID` int(0) NOT NULL COMMENT 'ID ',
  `URL` varchar(300) CHARACTER SET utf8 COLLATE utf8_general_ci NOT NULL COMMENT ' ',
  `CreateDate` datetime(0) NOT NULL COMMENT '',
  PRIMARY KEY (`FileInfoID`) USING BTREE
) ENGINE = InnoDB AUTO_INCREMENT = 114 CHARACTER SET = utf8 COLLATE = utf8_general_ci ROW_FORMAT = Dynamic;

-- ----------------------------
-- Records of fileinfotemporary
-- ----------------------------
INSERT INTO `fileinfotemporary` VALUES (142, 'ertgdf3VQFR.docx', '2020-08-07 15:51:32');

-- ----------------------------
-- Table structure for leavebill
-- ----------------------------
DROP TABLE IF EXISTS `leavebill`;
CREATE TABLE `leavebill`  (
  `id` int(0) NOT NULL AUTO_INCREMENT,
  `title` varchar(255) CHARACTER SET utf8 COLLATE utf8_general_ci NULL DEFAULT NULL COMMENT '',
  `content` varchar(255) CHARACTER SET utf8 COLLATE utf8_general_ci NOT NULL COMMENT '',
  `days` double(5, 1) NULL DEFAULT NULL COMMENT '',
  `leavetime` datetime(0) NULL DEFAULT NULL COMMENT '',
  `status` int(0) NULL DEFAULT NULL COMMENT '0  1 2 3 ',
  `userid` int(0) NULL DEFAULT NULL,
  PRIMARY KEY (`id`) USING BTREE
) ENGINE = InnoDB AUTO_INCREMENT = 88 CHARACTER SET = utf8 COLLATE = utf8_general_ci ROW_FORMAT = Dynamic;

-- ----------------------------
-- Records of leavebill
-- ----------------------------
INSERT INTO `leavebill` VALUES (80, '', '', 21.0, '2020-08-04 11:58:36', 1, 16);
INSERT INTO `leavebill` VALUES (81, '', '', 45.0, '2020-08-04 12:00:20', 1, 16);
INSERT INTO `leavebill` VALUES (82, '', '', 2.0, '2020-08-05 10:29:58', 2, 13);
INSERT INTO `leavebill` VALUES (83, '', '', 2.0, '2020-08-05 15:43:52', 1, 13);
INSERT INTO `leavebill` VALUES (84, '', '', NULL, '2020-08-06 19:08:11', 1, 13);
INSERT INTO `leavebill` VALUES (85, '', '', 12.0, '2020-08-07 09:50:53', 1, 13);
INSERT INTO `leavebill` VALUES (86, '', '', 12.0, '2020-08-07 10:00:14', 1, 13);
INSERT INTO `leavebill` VALUES (87, '', '', 1.5, '2020-08-07 10:01:15', 1, 13);

-- ----------------------------
-- Table structure for log
-- ----------------------------
DROP TABLE IF EXISTS `log`;
CREATE TABLE `log`  (
  `LogId` int(0) NOT NULL AUTO_INCREMENT COMMENT '',
  `Operateor` varchar(255) CHARACTER SET utf8 COLLATE utf8_general_ci NULL DEFAULT NULL COMMENT '',
  `OperateType` varchar(255) CHARACTER SET utf8 COLLATE utf8_general_ci NULL DEFAULT NULL COMMENT '',
  `OperateDate` datetime(0) NULL DEFAULT NULL COMMENT '',
  `OperateResult` varchar(255) CHARACTER SET utf8 COLLATE utf8_general_ci NULL DEFAULT NULL COMMENT '',
  `Ip` varchar(20) CHARACTER SET utf8 COLLATE utf8_general_ci NULL DEFAULT NULL COMMENT 'ip',
  PRIMARY KEY (`LogId`) USING BTREE
) ENGINE = InnoDB AUTO_INCREMENT = 4904 CHARACTER SET = utf8 COLLATE = utf8_general_ci COMMENT = '' ROW_FORMAT = Compact;

-- ----------------------------
-- Records of log
-- ----------------------------
INSERT INTO `log` VALUES (4545, 'hxy', '', '2020-07-24 08:39:06', '', '127.0.0.1');
INSERT INTO `log` VALUES (4546, 'hxy', '', '2020-07-24 08:44:29', '', '127.0.0.1');
INSERT INTO `log` VALUES (4547, 'hxy', '', '2020-07-24 08:44:57', '', '127.0.0.1');
INSERT INTO `log` VALUES (4548, 'hxy', '', '2020-07-24 09:21:25', '', '127.0.0.1');
INSERT INTO `log` VALUES (4549, 'hxy', '', '2020-07-24 09:22:22', '', '127.0.0.1');
INSERT INTO `log` VALUES (4550, 'hxy', '', '2020-07-24 09:32:04', '', '127.0.0.1');
INSERT INTO `log` VALUES (4551, 'hxy', '', '2020-07-24 12:42:49', '', '127.0.0.1');
INSERT INTO `log` VALUES (4552, 'hxy', '', '2020-07-24 12:44:40', '', '127.0.0.1');
INSERT INTO `log` VALUES (4553, 'hxy', '', '2020-07-27 09:39:57', '', '127.0.0.1');
INSERT INTO `log` VALUES (4554, 'hxy', '', '2020-07-27 09:47:30', '', '127.0.0.1');
INSERT INTO `log` VALUES (4555, 'hxy', '', '2020-07-28 09:31:09', '', '127.0.0.1');
INSERT INTO `log` VALUES (4556, 'admin', '', '2020-07-28 11:46:53', '', '127.0.0.1');
INSERT INTO `log` VALUES (4557, 'chr', '', '2020-07-28 11:52:19', '', '127.0.0.1');
INSERT INTO `log` VALUES (4558, 'chr', '', '2020-07-28 13:31:44', '', '127.0.0.1');
INSERT INTO `log` VALUES (4559, 'chr', '', '2020-07-28 14:43:00', '', '127.0.0.1');
INSERT INTO `log` VALUES (4560, 'chr', '', '2020-07-28 14:47:52', '', '127.0.0.1');
INSERT INTO `log` VALUES (4561, 'chr', '', '2020-07-28 15:01:56', '', '127.0.0.1');
INSERT INTO `log` VALUES (4562, 'chr', '', '2020-07-28 15:05:18', '', '127.0.0.1');
INSERT INTO `log` VALUES (4563, 'chr', '', '2020-07-28 15:06:51', '', '127.0.0.1');
INSERT INTO `log` VALUES (4564, 'chr', '', '2020-07-28 15:11:13', '', '127.0.0.1');
INSERT INTO `log` VALUES (4565, 'chr', '', '2020-07-28 15:12:37', '', '127.0.0.1');
INSERT INTO `log` VALUES (4566, 'chr', '', '2020-07-28 15:13:55', '', '127.0.0.1');
INSERT INTO `log` VALUES (4567, 'chr', '', '2020-07-28 15:18:51', '', '127.0.0.1');
INSERT INTO `log` VALUES (4568, 'chr', '', '2020-07-28 15:22:52', '', '127.0.0.1');
INSERT INTO `log` VALUES (4569, 'chr', '', '2020-07-28 15:31:54', '', '127.0.0.1');
INSERT INTO `log` VALUES (4570, 'chr', '', '2020-07-28 15:38:24', '', '127.0.0.1');
INSERT INTO `log` VALUES (4571, 'hxy', '', '2020-07-28 15:42:13', '', '127.0.0.1');
INSERT INTO `log` VALUES (4572, 'chr', '', '2020-07-28 15:45:37', '', '127.0.0.1');
INSERT INTO `log` VALUES (4573, 'chr', '', '2020-07-28 15:49:36', '', '127.0.0.1');
INSERT INTO `log` VALUES (4574, 'hxy', '', '2020-07-28 15:48:41', '', '127.0.0.1');
INSERT INTO `log` VALUES (4575, 'chr', '', '2020-07-28 15:50:56', '', '127.0.0.1');
INSERT INTO `log` VALUES (4576, 'chr', '', '2020-07-28 15:51:50', '', '127.0.0.1');
INSERT INTO `log` VALUES (4577, 'hxy', '', '2020-07-28 15:56:22', '', '127.0.0.1');
INSERT INTO `log` VALUES (4578, 'chr', '', '2020-07-28 15:57:14', '', '127.0.0.1');
INSERT INTO `log` VALUES (4579, 'hxy', '', '2020-07-28 15:57:53', '', '127.0.0.1');
INSERT INTO `log` VALUES (4580, 'chr', '', '2020-07-28 16:06:16', '', '127.0.0.1');
INSERT INTO `log` VALUES (4581, 'hxy', '', '2020-07-28 16:06:56', '', '127.0.0.1');
INSERT INTO `log` VALUES (4582, 'chr', '', '2020-07-28 16:07:51', '', '127.0.0.1');
INSERT INTO `log` VALUES (4583, 'chr', '', '2020-07-28 16:07:51', '', '127.0.0.1');
INSERT INTO `log` VALUES (4584, 'hxy', '', '2020-07-28 16:08:48', '', '127.0.0.1');
INSERT INTO `log` VALUES (4585, 'chr', '', '2020-07-28 16:29:09', '', '127.0.0.1');
INSERT INTO `log` VALUES (4586, 'hxy', '', '2020-07-28 16:31:27', '', '127.0.0.1');
INSERT INTO `log` VALUES (4587, 'chr', '', '2020-07-28 16:34:35', '', '127.0.0.1');
INSERT INTO `log` VALUES (4588, 'hxy', '', '2020-07-28 16:36:22', '', '127.0.0.1');
INSERT INTO `log` VALUES (4589, 'chr', '', '2020-07-28 16:40:14', '', '127.0.0.1');
INSERT INTO `log` VALUES (4590, 'hxy', '', '2020-07-28 16:42:35', '', '127.0.0.1');
INSERT INTO `log` VALUES (4591, 'hxy', '', '2020-07-28 16:44:25', '', '127.0.0.1');
INSERT INTO `log` VALUES (4592, 'chr', '', '2020-07-28 16:46:11', '', '127.0.0.1');
INSERT INTO `log` VALUES (4593, 'hxy', '', '2020-07-28 16:48:50', '', '127.0.0.1');
INSERT INTO `log` VALUES (4594, 'chr', '', '2020-07-28 16:55:23', '', '127.0.0.1');
INSERT INTO `log` VALUES (4595, 'hxy', '', '2020-07-28 17:16:40', '', '127.0.0.1');
INSERT INTO `log` VALUES (4596, 'chr', '', '2020-07-28 17:17:41', '', '127.0.0.1');
INSERT INTO `log` VALUES (4597, 'chr', '', '2020-07-28 17:18:21', '', '127.0.0.1');
INSERT INTO `log` VALUES (4598, 'hxy', '', '2020-07-28 17:20:28', '', '127.0.0.1');
INSERT INTO `log` VALUES (4599, 'hxy', '', '2020-07-29 08:22:38', '', '127.0.0.1');
INSERT INTO `log` VALUES (4600, 'hxy', '', '2020-07-29 08:25:28', '', '127.0.0.1');
INSERT INTO `log` VALUES (4601, 'hxy', '', '2020-07-29 08:28:18', '', '127.0.0.1');
INSERT INTO `log` VALUES (4602, 'chr', '', '2020-07-29 08:34:12', '', '127.0.0.1');
INSERT INTO `log` VALUES (4603, 'chr', '', '2020-07-29 08:36:41', '', '127.0.0.1');
INSERT INTO `log` VALUES (4604, 'hxy', '', '2020-07-29 08:37:10', '', '127.0.0.1');
INSERT INTO `log` VALUES (4605, 'hxy', '', '2020-07-29 08:45:09', '', '127.0.0.1');
INSERT INTO `log` VALUES (4606, 'hxy', '', '2020-07-29 08:46:04', '', '127.0.0.1');
INSERT INTO `log` VALUES (4607, 'chr', '', '2020-07-29 08:49:33', '', '127.0.0.1');
INSERT INTO `log` VALUES (4608, 'hxy', '', '2020-07-29 08:48:10', '', '127.0.0.1');
INSERT INTO `log` VALUES (4609, 'chr', '', '2020-07-29 08:50:32', '', '127.0.0.1');
INSERT INTO `log` VALUES (4610, 'admin', '', '2020-07-29 08:51:48', '', '127.0.0.1');
INSERT INTO `log` VALUES (4611, 'hxy', '', '2020-07-29 08:52:43', '', '127.0.0.1');
INSERT INTO `log` VALUES (4612, 'chr', '', '2020-07-29 09:01:22', '', '127.0.0.1');
INSERT INTO `log` VALUES (4613, 'chr', '', '2020-07-29 09:02:39', '', '127.0.0.1');
INSERT INTO `log` VALUES (4614, 'hxy', '', '2020-07-29 10:39:53', '', '127.0.0.1');
INSERT INTO `log` VALUES (4615, 'hxy', '', '2020-07-29 10:42:15', '', '127.0.0.1');
INSERT INTO `log` VALUES (4616, 'chr', '', '2020-07-29 10:46:26', '', '127.0.0.1');
INSERT INTO `log` VALUES (4617, 'hxy', '', '2020-07-29 10:58:13', '', '127.0.0.1');
INSERT INTO `log` VALUES (4618, 'chr', '', '2020-07-29 11:16:35', '', '127.0.0.1');
INSERT INTO `log` VALUES (4619, 'hxy', '', '2020-07-29 11:21:32', '', '127.0.0.1');
INSERT INTO `log` VALUES (4620, 'hxy', '', '2020-07-29 11:22:05', '', '127.0.0.1');
INSERT INTO `log` VALUES (4621, 'admin', '', '2020-07-29 11:22:31', '', '127.0.0.1');
INSERT INTO `log` VALUES (4622, 'hxy', '', '2020-07-29 11:22:55', '', '127.0.0.1');
INSERT INTO `log` VALUES (4623, 'hxy', '', '2020-07-29 11:24:35', '', '127.0.0.1');
INSERT INTO `log` VALUES (4624, 'chr', '', '2020-07-29 11:30:25', '', '127.0.0.1');
INSERT INTO `log` VALUES (4625, 'hxy', '', '2020-07-29 11:34:40', '', '127.0.0.1');
INSERT INTO `log` VALUES (4626, 'hxy', '', '2020-07-29 11:38:13', '', '127.0.0.1');
INSERT INTO `log` VALUES (4627, 'hxy', '', '2020-07-29 11:53:07', '', '127.0.0.1');
INSERT INTO `log` VALUES (4628, 'hxy', '', '2020-07-29 13:57:11', '', '127.0.0.1');
INSERT INTO `log` VALUES (4629, 'chr', '', '2020-07-29 13:58:29', '', '127.0.0.1');
INSERT INTO `log` VALUES (4630, 'hxy', '', '2020-07-29 13:58:54', '', '127.0.0.1');
INSERT INTO `log` VALUES (4631, 'chr', '', '2020-07-29 14:01:11', '', '127.0.0.1');
INSERT INTO `log` VALUES (4632, 'hxy', '', '2020-07-29 14:01:35', '', '127.0.0.1');
INSERT INTO `log` VALUES (4633, 'hxy', '', '2020-07-29 14:14:22', '', '127.0.0.1');
INSERT INTO `log` VALUES (4634, 'chr', '', '2020-07-29 14:23:10', '', '127.0.0.1');
INSERT INTO `log` VALUES (4635, 'admin', '', '2020-07-29 14:24:42', '', '127.0.0.1');
INSERT INTO `log` VALUES (4636, 'hxy', '', '2020-07-29 14:24:58', '', '127.0.0.1');
INSERT INTO `log` VALUES (4637, 'admin', '', '2020-07-29 14:33:48', '', '127.0.0.1');
INSERT INTO `log` VALUES (4638, 'hxy', '', '2020-07-29 14:34:13', '', '127.0.0.1');
INSERT INTO `log` VALUES (4639, 'chr', '', '2020-07-29 14:35:20', '', '127.0.0.1');
INSERT INTO `log` VALUES (4640, 'admin', '', '2020-07-29 14:35:52', '', '127.0.0.1');
INSERT INTO `log` VALUES (4641, 'hxy', '', '2020-07-29 14:36:34', '', '127.0.0.1');
INSERT INTO `log` VALUES (4642, 'hxy', '', '2020-07-29 14:41:58', '', '127.0.0.1');
INSERT INTO `log` VALUES (4643, 'chr', '', '2020-07-29 14:42:54', '', '127.0.0.1');
INSERT INTO `log` VALUES (4644, 'admin', '', '2020-07-29 14:47:23', '', '127.0.0.1');
INSERT INTO `log` VALUES (4645, 'hxy', '', '2020-07-29 14:46:04', '', '127.0.0.1');
INSERT INTO `log` VALUES (4646, 'chr', '', '2020-07-29 14:47:01', '', '127.0.0.1');
INSERT INTO `log` VALUES (4647, 'admin', '', '2020-07-29 14:47:33', '', '127.0.0.1');
INSERT INTO `log` VALUES (4648, 'hxy', '', '2020-07-29 14:47:52', '', '127.0.0.1');
INSERT INTO `log` VALUES (4649, 'hxy', '', '2020-07-29 14:49:41', '', '127.0.0.1');
INSERT INTO `log` VALUES (4650, 'chr', '', '2020-07-29 14:50:29', '', '127.0.0.1');
INSERT INTO `log` VALUES (4651, 'admin', '', '2020-07-29 14:51:01', '', '127.0.0.1');
INSERT INTO `log` VALUES (4652, 'hxy', '', '2020-07-29 14:51:37', '', '127.0.0.1');
INSERT INTO `log` VALUES (4653, 'hxy', '', '2020-07-29 15:07:45', '', '127.0.0.1');
INSERT INTO `log` VALUES (4654, 'chr', '', '2020-07-29 15:08:25', '', '127.0.0.1');
INSERT INTO `log` VALUES (4655, 'hxy', '', '2020-07-29 15:09:15', '', '127.0.0.1');
INSERT INTO `log` VALUES (4656, 'chr', '', '2020-07-29 15:10:34', '', '127.0.0.1');
INSERT INTO `log` VALUES (4657, 'hxy', '', '2020-07-29 15:11:47', '', '127.0.0.1');
INSERT INTO `log` VALUES (4658, 'hxy', '', '2020-07-29 15:14:40', '', '127.0.0.1');
INSERT INTO `log` VALUES (4659, 'admin', '', '2020-07-29 15:17:57', '', '127.0.0.1');
INSERT INTO `log` VALUES (4660, 'chr', '', '2020-07-29 15:16:42', '', '127.0.0.1');
INSERT INTO `log` VALUES (4661, 'hxy', '', '2020-07-29 15:17:21', '', '127.0.0.1');
INSERT INTO `log` VALUES (4662, 'hxy', '', '2020-07-29 15:21:46', '', '127.0.0.1');
INSERT INTO `log` VALUES (4663, 'hxy', '', '2020-07-29 15:24:46', '', '127.0.0.1');
INSERT INTO `log` VALUES (4664, 'chr', '', '2020-07-29 15:25:25', '', '127.0.0.1');
INSERT INTO `log` VALUES (4665, 'admin', '', '2020-07-29 15:35:42', '', '127.0.0.1');
INSERT INTO `log` VALUES (4666, 'hxy', '', '2020-07-29 15:35:33', '', '127.0.0.1');
INSERT INTO `log` VALUES (4667, 'chr', '', '2020-07-29 15:36:51', '', '127.0.0.1');
INSERT INTO `log` VALUES (4668, 'hxy', '', '2020-07-29 15:38:43', '', '127.0.0.1');
INSERT INTO `log` VALUES (4669, 'chr', '', '2020-07-29 15:41:54', '', '127.0.0.1');
INSERT INTO `log` VALUES (4670, 'admin', '', '2020-07-29 15:44:14', '', '127.0.0.1');
INSERT INTO `log` VALUES (4671, 'admin', '', '2020-07-29 15:44:48', '', '127.0.0.1');
INSERT INTO `log` VALUES (4672, 'hxy', '', '2020-07-29 15:43:15', '', '127.0.0.1');
INSERT INTO `log` VALUES (4673, 'admin', '', '2020-07-29 15:45:42', '', '127.0.0.1');
INSERT INTO `log` VALUES (4674, 'chr', '', '2020-07-29 15:47:32', '', '127.0.0.1');
INSERT INTO `log` VALUES (4675, 'admin', '', '2020-07-29 15:48:22', '', '127.0.0.1');
INSERT INTO `log` VALUES (4676, 'hxy', '', '2020-07-29 15:49:21', '', '127.0.0.1');
INSERT INTO `log` VALUES (4677, 'hxy', '', '2020-07-29 16:01:42', '', '192.168.1.43');
INSERT INTO `log` VALUES (4678, 'chb', '', '2020-07-29 16:04:36', '', '192.168.1.43');
INSERT INTO `log` VALUES (4679, 'hxy', '', '2020-07-29 16:06:28', '', '192.168.1.43');
INSERT INTO `log` VALUES (4680, 'admin', '', '2020-07-29 16:07:16', '', '192.168.1.43');
INSERT INTO `log` VALUES (4681, 'chr', '', '2020-07-29 16:07:45', '', '192.168.1.43');
INSERT INTO `log` VALUES (4682, 'chb', '', '2020-07-29 16:08:27', '', '192.168.1.43');
INSERT INTO `log` VALUES (4683, 'hxy', '', '2020-07-29 16:11:40', '', '192.168.1.43');
INSERT INTO `log` VALUES (4684, 'chb', '', '2020-07-29 16:12:35', '', '192.168.1.43');
INSERT INTO `log` VALUES (4685, 'hxy', '', '2020-07-29 16:13:11', '', '192.168.1.43');
INSERT INTO `log` VALUES (4686, 'chb', '', '2020-07-29 16:14:04', '', '192.168.1.43');
INSERT INTO `log` VALUES (4687, 'admin', '', '2020-07-29 16:14:30', '', '192.168.1.22');
INSERT INTO `log` VALUES (4688, 'hxy', '', '2020-07-29 16:17:19', '', '192.168.1.43');
INSERT INTO `log` VALUES (4689, 'chr', '', '2020-07-29 16:17:58', '', '192.168.1.43');
INSERT INTO `log` VALUES (4690, 'chb', '', '2020-07-29 16:18:43', '', '192.168.1.43');
INSERT INTO `log` VALUES (4691, 'hxy', '', '2020-07-29 16:19:56', '', '192.168.1.43');
INSERT INTO `log` VALUES (4692, 'chr', '', '2020-07-29 16:20:15', '', '192.168.1.43');
INSERT INTO `log` VALUES (4693, 'chb', '', '2020-07-29 16:20:45', '', '192.168.1.43');
INSERT INTO `log` VALUES (4694, 'hxy', '', '2020-07-29 16:29:11', '', '127.0.0.1');
INSERT INTO `log` VALUES (4695, 'hxy', '', '2020-07-29 16:31:50', '', '127.0.0.1');
INSERT INTO `log` VALUES (4696, 'hxy', '', '2020-07-29 16:33:29', '', '127.0.0.1');
INSERT INTO `log` VALUES (4697, 'hxy', '', '2020-07-29 16:35:09', '', '127.0.0.1');
INSERT INTO `log` VALUES (4698, 'hxy', '', '2020-07-29 16:35:55', '', '127.0.0.1');
INSERT INTO `log` VALUES (4699, 'admin', '', '2020-07-29 16:52:29', '', '127.0.0.1');
INSERT INTO `log` VALUES (4700, 'chr', '', '2020-07-29 16:55:27', '', '127.0.0.1');
INSERT INTO `log` VALUES (4701, 'hxy', '', '2020-07-29 16:56:30', '', '127.0.0.1');
INSERT INTO `log` VALUES (4702, 'admin', '', '2020-07-29 17:11:18', '', '127.0.0.1');
INSERT INTO `log` VALUES (4703, 'admin', '', '2020-07-29 17:13:19', '', '127.0.0.1');
INSERT INTO `log` VALUES (4704, 'hxy', '', '2020-07-29 17:26:39', '', '127.0.0.1');
INSERT INTO `log` VALUES (4705, 'chr', '', '2020-07-29 17:30:07', '', '127.0.0.1');
INSERT INTO `log` VALUES (4706, 'hxy', '', '2020-07-29 17:30:40', '', '127.0.0.1');
INSERT INTO `log` VALUES (4707, 'hxy', '', '2020-07-29 17:37:46', '', '127.0.0.1');
INSERT INTO `log` VALUES (4708, 'chr', '', '2020-07-29 17:38:39', '', '127.0.0.1');
INSERT INTO `log` VALUES (4709, 'admin', '', '2020-07-29 17:39:15', '', '127.0.0.1');
INSERT INTO `log` VALUES (4710, 'hxy', '', '2020-07-29 17:39:46', '', '127.0.0.1');
INSERT INTO `log` VALUES (4711, 'hxy', '', '2020-07-29 17:42:40', '', '127.0.0.1');
INSERT INTO `log` VALUES (4712, 'admin', '', '2020-07-29 17:45:41', '', '127.0.0.1');
INSERT INTO `log` VALUES (4713, 'admin', '', '2020-07-29 17:52:29', '', '127.0.0.1');
INSERT INTO `log` VALUES (4714, 'admin', '', '2020-07-29 17:59:48', '', '127.0.0.1');
INSERT INTO `log` VALUES (4715, 'admin', '', '2020-07-29 18:09:14', '', '127.0.0.1');
INSERT INTO `log` VALUES (4716, 'admin', '', '2020-07-29 18:10:10', '', '127.0.0.1');
INSERT INTO `log` VALUES (4717, 'admin', '', '2020-07-29 18:16:09', '', '127.0.0.1');
INSERT INTO `log` VALUES (4718, 'admin', '', '2020-07-29 18:18:00', '', '127.0.0.1');
INSERT INTO `log` VALUES (4719, 'admin', '', '2020-07-29 18:19:21', '', '127.0.0.1');
INSERT INTO `log` VALUES (4720, 'admin', '', '2020-07-29 18:22:02', '', '127.0.0.1');
INSERT INTO `log` VALUES (4721, 'admin', '', '2020-07-29 18:24:30', '', '127.0.0.1');
INSERT INTO `log` VALUES (4722, 'admin', '', '2020-07-29 18:25:42', '', '127.0.0.1');
INSERT INTO `log` VALUES (4723, 'admin', '', '2020-07-29 18:27:10', '', '127.0.0.1');
INSERT INTO `log` VALUES (4724, 'admin', '', '2020-07-29 18:31:07', '', '127.0.0.1');
INSERT INTO `log` VALUES (4725, 'admin', '', '2020-07-29 18:32:57', '', '127.0.0.1');
INSERT INTO `log` VALUES (4726, 'admin', '', '2020-07-29 18:36:57', '', '127.0.0.1');
INSERT INTO `log` VALUES (4727, 'chb', '', '2020-07-30 08:30:35', '', '192.168.1.43');
INSERT INTO `log` VALUES (4728, 'hxy', '', '2020-07-30 08:31:52', '', '192.168.1.43');
INSERT INTO `log` VALUES (4729, 'chr', '', '2020-07-30 08:33:00', '', '192.168.1.43');
INSERT INTO `log` VALUES (4730, 'hxy', '', '2020-07-30 08:34:17', '', '192.168.1.43');
INSERT INTO `log` VALUES (4731, 'chb', '', '2020-07-30 08:35:08', '', '192.168.1.43');
INSERT INTO `log` VALUES (4732, 'hxy', '', '2020-07-30 08:36:45', '', '192.168.1.43');
INSERT INTO `log` VALUES (4733, 'chr', '', '2020-07-30 08:37:20', '', '192.168.1.43');
INSERT INTO `log` VALUES (4734, 'chb', '', '2020-07-30 08:38:09', '', '192.168.1.43');
INSERT INTO `log` VALUES (4735, 'hxy', '', '2020-07-30 08:55:13', '', '127.0.0.1');
INSERT INTO `log` VALUES (4736, 'hxy', '', '2020-07-30 09:07:56', '', '127.0.0.1');
INSERT INTO `log` VALUES (4737, 'admin', '', '2020-07-30 09:31:01', '', '127.0.0.1');
INSERT INTO `log` VALUES (4738, 'hxy', '', '2020-07-30 09:33:09', '', '127.0.0.1');
INSERT INTO `log` VALUES (4739, 'hxy', '', '2020-07-30 09:35:01', '', '127.0.0.1');
INSERT INTO `log` VALUES (4740, 'admin', '', '2020-07-30 09:47:42', '', '127.0.0.1');
INSERT INTO `log` VALUES (4741, 'admin', '', '2020-07-30 09:57:08', '', '127.0.0.1');
INSERT INTO `log` VALUES (4742, 'admin', '', '2020-07-30 09:58:18', '', '127.0.0.1');
INSERT INTO `log` VALUES (4743, 'hxy', '', '2020-07-30 09:59:03', '', '127.0.0.1');
INSERT INTO `log` VALUES (4744, 'hxy', '', '2020-07-30 10:46:54', '', '127.0.0.1');
INSERT INTO `log` VALUES (4745, 'hxy', '', '2020-07-30 10:48:11', '', '127.0.0.1');
INSERT INTO `log` VALUES (4746, 'hxy', '', '2020-07-30 10:49:55', '', '127.0.0.1');
INSERT INTO `log` VALUES (4747, 'hxy', '', '2020-07-30 11:08:40', '', '127.0.0.1');
INSERT INTO `log` VALUES (4748, 'hxy', '', '2020-07-30 11:09:37', '', '127.0.0.1');
INSERT INTO `log` VALUES (4749, 'admin', '', '2020-07-30 14:48:13', '', '127.0.0.1');
INSERT INTO `log` VALUES (4750, 'admin', '', '2020-07-30 15:37:51', '', '127.0.0.1');
INSERT INTO `log` VALUES (4751, 'admin', '', '2020-07-30 15:54:21', '', '127.0.0.1');
INSERT INTO `log` VALUES (4752, 'admin', '', '2020-07-30 15:59:38', '', '127.0.0.1');
INSERT INTO `log` VALUES (4753, 'admin', '11111', '2020-07-30 16:14:53', '', '127.0.0.1');
INSERT INTO `log` VALUES (4754, 'admin', '', '2020-07-30 16:26:25', '', '127.0.0.1');
INSERT INTO `log` VALUES (4755, 'admin', '', '2020-07-30 16:41:52', '', '127.0.0.1');
INSERT INTO `log` VALUES (4756, 'admin', '', '2020-07-30 16:45:51', '', '127.0.0.1');
INSERT INTO `log` VALUES (4757, 'admin', '', '2020-07-30 17:58:29', '', '127.0.0.1');
INSERT INTO `log` VALUES (4758, 'admin', '', '2020-07-30 18:21:13', '', '127.0.0.1');
INSERT INTO `log` VALUES (4759, 'admin', '', '2020-07-30 18:22:12', '', '127.0.0.1');
INSERT INTO `log` VALUES (4760, 'admin', '', '2020-07-31 09:50:46', '', '127.0.0.1');
INSERT INTO `log` VALUES (4761, 'admin', '', '2020-07-31 10:22:00', '', '127.0.0.1');
INSERT INTO `log` VALUES (4762, 'admin', '', '2020-07-31 10:25:01', '', '127.0.0.1');
INSERT INTO `log` VALUES (4763, 'admin', '', '2020-07-31 11:51:14', '', '127.0.0.1');
INSERT INTO `log` VALUES (4764, 'admin', '', '2020-07-31 11:52:12', '', '127.0.0.1');
INSERT INTO `log` VALUES (4765, 'hxy', '', '2020-07-31 13:09:59', '', '127.0.0.1');
INSERT INTO `log` VALUES (4766, 'hxy', '', '2020-07-31 14:28:40', '', '127.0.0.1');
INSERT INTO `log` VALUES (4767, 'admin', '', '2020-07-31 14:39:37', '', '127.0.0.1');
INSERT INTO `log` VALUES (4768, 'chr', '', '2020-07-31 14:41:02', '', '127.0.0.1');
INSERT INTO `log` VALUES (4769, 'admin', '', '2020-07-31 14:42:25', '', '127.0.0.1');
INSERT INTO `log` VALUES (4770, 'hxy', '', '2020-07-31 14:43:06', '', '127.0.0.1');
INSERT INTO `log` VALUES (4771, 'hxy', '', '2020-07-31 14:48:56', '', '127.0.0.1');
INSERT INTO `log` VALUES (4772, 'admin', '', '2020-07-31 14:52:01', '', '127.0.0.1');
INSERT INTO `log` VALUES (4773, 'hxy', '', '2020-07-31 14:59:10', '', '127.0.0.1');
INSERT INTO `log` VALUES (4774, 'admin', '', '2020-07-31 15:01:25', '', '127.0.0.1');
INSERT INTO `log` VALUES (4775, 'chr', '', '2020-07-31 14:59:48', '', '127.0.0.1');
INSERT INTO `log` VALUES (4776, 'hxy', '', '2020-07-31 15:01:14', '', '127.0.0.1');
INSERT INTO `log` VALUES (4777, 'admin', '', '2020-07-31 15:17:14', '', '127.0.0.1');
INSERT INTO `log` VALUES (4778, 'admin', '', '2020-07-31 15:18:07', '', '127.0.0.1');
INSERT INTO `log` VALUES (4779, 'hxy', '', '2020-07-31 15:21:50', '', '127.0.0.1');
INSERT INTO `log` VALUES (4780, 'hxy', '', '2020-07-31 15:24:28', '', '127.0.0.1');
INSERT INTO `log` VALUES (4781, 'hxy', '', '2020-07-31 15:27:04', '', '127.0.0.1');
INSERT INTO `log` VALUES (4782, 'hxy', '', '2020-07-31 15:29:45', '', '127.0.0.1');
INSERT INTO `log` VALUES (4783, 'hxy', '', '2020-07-31 15:30:51', '', '127.0.0.1');
INSERT INTO `log` VALUES (4784, 'admin', '', '2020-07-31 15:47:35', '', '192.168.1.40');
INSERT INTO `log` VALUES (4785, 'admin', '', '2020-07-31 15:49:00', '', '192.168.1.40');
INSERT INTO `log` VALUES (4786, '', '', '2020-07-31 15:57:11', '', '192.168.1.40');
INSERT INTO `log` VALUES (4787, 'tn', '', '2020-07-31 15:57:40', '', '192.168.1.40');
INSERT INTO `log` VALUES (4788, 'admin', '', '2020-07-31 16:00:30', '', '127.0.0.1');
INSERT INTO `log` VALUES (4789, 'tn', '', '2020-07-31 16:04:24', '', '192.168.1.40');
INSERT INTO `log` VALUES (4790, 'hxy', '', '2020-07-31 16:13:56', '', '192.168.1.40');
INSERT INTO `log` VALUES (4791, 'chr', '', '2020-07-31 16:17:14', '', '192.168.1.40');
INSERT INTO `log` VALUES (4792, 'tn', '', '2020-07-31 16:17:56', '', '192.168.1.40');
INSERT INTO `log` VALUES (4793, 'hxy', '', '2020-07-31 16:23:07', '', '192.168.1.40');
INSERT INTO `log` VALUES (4794, 'tn', '', '2020-07-31 16:23:49', '', '192.168.1.40');
INSERT INTO `log` VALUES (4795, 'hxy', '', '2020-07-31 16:24:58', '', '192.168.1.40');
INSERT INTO `log` VALUES (4796, 'tn', '', '2020-07-31 16:29:53', '', '192.168.1.40');
INSERT INTO `log` VALUES (4797, 'hxy', '', '2020-07-31 16:30:51', '', '127.0.0.1');
INSERT INTO `log` VALUES (4798, 'tn', '', '2020-07-31 16:31:06', '', '192.168.1.40');
INSERT INTO `log` VALUES (4799, 'hxy', '', '2020-07-31 16:57:25', '', '127.0.0.1');
INSERT INTO `log` VALUES (4800, 'hxy', '', '2020-07-31 17:12:29', '', '127.0.0.1');
INSERT INTO `log` VALUES (4801, 'hxy', '', '2020-07-31 17:13:19', '', '127.0.0.1');
INSERT INTO `log` VALUES (4802, 'hxy', '', '2020-07-31 17:20:23', '', '127.0.0.1');
INSERT INTO `log` VALUES (4803, 'admin', '', '2020-07-31 17:23:04', '', '127.0.0.1');
INSERT INTO `log` VALUES (4804, 'admin', '', '2020-07-31 17:29:50', '', '127.0.0.1');
INSERT INTO `log` VALUES (4805, 'tn', '', '2020-07-31 17:30:45', '', '192.168.1.40');
INSERT INTO `log` VALUES (4806, 'chb', '', '2020-07-31 17:30:45', '', '192.168.1.43');
INSERT INTO `log` VALUES (4807, 'admin', '', '2020-07-31 17:38:12', '', '127.0.0.1');
INSERT INTO `log` VALUES (4808, 'admin', '', '2020-08-03 08:28:00', '', '127.0.0.1');
INSERT INTO `log` VALUES (4809, 'hxy', '', '2020-08-03 08:38:56', '', '127.0.0.1');
INSERT INTO `log` VALUES (4810, 'chr', '', '2020-08-03 09:21:45', '', '127.0.0.1');
INSERT INTO `log` VALUES (4811, 'chb', '', '2020-08-03 09:42:47', '', '127.0.0.1');
INSERT INTO `log` VALUES (4812, 'chb', '', '2020-08-03 14:43:44', '', '127.0.0.1');
INSERT INTO `log` VALUES (4813, 'hxy', '', '2020-08-03 14:44:16', '', '127.0.0.1');
INSERT INTO `log` VALUES (4814, 'admin', '', '2020-08-03 08:45:00', '', '127.0.0.1');
INSERT INTO `log` VALUES (4815, 'hxy', '', '2020-08-03 14:46:45', '', '127.0.0.1');
INSERT INTO `log` VALUES (4816, 'admin', '', '2020-08-03 08:50:27', '', '127.0.0.1');
INSERT INTO `log` VALUES (4817, 'hxy', '', '2020-08-03 08:53:47', '', '127.0.0.1');
INSERT INTO `log` VALUES (4818, 'admin', '', '2020-08-03 08:54:04', '', '127.0.0.1');
INSERT INTO `log` VALUES (4819, 'admin', '', '2020-08-03 08:59:10', '', '127.0.0.1');
INSERT INTO `log` VALUES (4820, 'chr', '', '2020-08-03 09:40:26', '', '127.0.0.1');
INSERT INTO `log` VALUES (4821, 'hxy', '', '2020-08-03 09:40:51', '', '127.0.0.1');
INSERT INTO `log` VALUES (4822, 'chr', '', '2020-08-03 10:01:13', '', '127.0.0.1');
INSERT INTO `log` VALUES (4823, 'hxy', '', '2020-08-03 10:02:25', '', '127.0.0.1');
INSERT INTO `log` VALUES (4824, 'hxy', '', '2020-08-03 11:05:39', '', '127.0.0.1');
INSERT INTO `log` VALUES (4825, 'tn', '', '2020-08-03 11:13:39', '', '127.0.0.1');
INSERT INTO `log` VALUES (4826, 'tn', '', '2020-08-03 11:36:59', '', '127.0.0.1');
INSERT INTO `log` VALUES (4827, 'hxy', '', '2020-08-03 14:22:11', '', '127.0.0.1');
INSERT INTO `log` VALUES (4828, 'hxy', '', '2020-08-03 14:57:44', '', '127.0.0.1');
INSERT INTO `log` VALUES (4829, 'hxy', '', '2020-08-03 15:00:24', '', '127.0.0.1');
INSERT INTO `log` VALUES (4830, 'hxy', '', '2020-08-03 15:11:24', '', '127.0.0.1');
INSERT INTO `log` VALUES (4831, 'hxy', '', '2020-08-03 15:16:25', '', '127.0.0.1');
INSERT INTO `log` VALUES (4832, 'hxy', '', '2020-08-03 15:21:47', '', '127.0.0.1');
INSERT INTO `log` VALUES (4833, 'hxy', '', '2020-08-03 15:29:50', '', '127.0.0.1');
INSERT INTO `log` VALUES (4834, 'hxy', '', '2020-08-03 15:33:05', '', '127.0.0.1');
INSERT INTO `log` VALUES (4835, 'hxy', '', '2020-08-03 15:34:13', '', '127.0.0.1');
INSERT INTO `log` VALUES (4836, 'tn', '', '2020-08-04 09:10:35', '', '127.0.0.1');
INSERT INTO `log` VALUES (4837, 'chb', '', '2020-08-04 11:49:40', '', '127.0.0.1');
INSERT INTO `log` VALUES (4838, 'chb', '', '2020-08-04 11:51:18', '', '127.0.0.1');
INSERT INTO `log` VALUES (4839, 'chb', '', '2020-08-04 14:32:15', '', '127.0.0.1');
INSERT INTO `log` VALUES (4840, 'chb', '', '2020-08-04 14:49:04', '', '127.0.0.1');
INSERT INTO `log` VALUES (4841, 'chb', '', '2020-08-04 14:52:14', '', '127.0.0.1');
INSERT INTO `log` VALUES (4842, 'hxy', '', '2020-08-04 16:06:33', '', '127.0.0.1');
INSERT INTO `log` VALUES (4843, 'tn', '', '2020-08-04 16:12:58', '', '127.0.0.1');
INSERT INTO `log` VALUES (4844, 'chb', '', '2020-08-04 16:17:32', '', '127.0.0.1');
INSERT INTO `log` VALUES (4845, 'tn', '', '2020-08-04 16:25:57', '', '127.0.0.1');
INSERT INTO `log` VALUES (4846, 'hxy', '', '2020-08-04 16:34:02', '', '127.0.0.1');
INSERT INTO `log` VALUES (4847, 'hxy', '', '2020-08-04 16:38:39', '', '127.0.0.1');
INSERT INTO `log` VALUES (4848, 'chb', '', '2020-08-04 17:13:46', '', '127.0.0.1');
INSERT INTO `log` VALUES (4849, 'admin', '', '2020-08-05 08:35:19', '', '127.0.0.1');
INSERT INTO `log` VALUES (4850, 'tn', '', '2020-08-05 08:42:17', '', '127.0.0.1');
INSERT INTO `log` VALUES (4851, 'admin', '', '2020-08-05 09:22:29', '', '127.0.0.1');
INSERT INTO `log` VALUES (4852, 'hxy', '', '2020-08-05 09:36:53', '', '127.0.0.1');
INSERT INTO `log` VALUES (4853, 'admin', '', '2020-08-05 09:38:18', '', '127.0.0.1');
INSERT INTO `log` VALUES (4854, 'admin', '333', '2020-08-05 09:40:07', '', '127.0.0.1');
INSERT INTO `log` VALUES (4855, 'admin', '', '2020-08-05 09:47:06', '', '127.0.0.1');
INSERT INTO `log` VALUES (4856, 'admin', '', '2020-08-05 09:48:48', '', '127.0.0.1');
INSERT INTO `log` VALUES (4857, 'chr', '', '2020-08-05 10:30:38', '', '127.0.0.1');
INSERT INTO `log` VALUES (4858, 'admin', '', '2020-08-05 10:31:47', '', '127.0.0.1');
INSERT INTO `log` VALUES (4859, 'hxy', '', '2020-08-05 10:32:12', '', '127.0.0.1');
INSERT INTO `log` VALUES (4860, 'hxy', '', '2020-08-05 10:46:21', '', '127.0.0.1');
INSERT INTO `log` VALUES (4861, 'hxy', '', '2020-08-05 10:56:20', '', '127.0.0.1');
INSERT INTO `log` VALUES (4862, 'hxy', '', '2020-08-05 11:27:17', '', '127.0.0.1');
INSERT INTO `log` VALUES (4863, 'hxy', '', '2020-08-05 11:30:04', '', '127.0.0.1');
INSERT INTO `log` VALUES (4864, 'hxy', '', '2020-08-05 14:48:25', '', '127.0.0.1');
INSERT INTO `log` VALUES (4865, 'hxy', '', '2020-08-05 14:50:34', '', '127.0.0.1');
INSERT INTO `log` VALUES (4866, 'hxy', '', '2020-08-05 15:08:11', '', '127.0.0.1');
INSERT INTO `log` VALUES (4867, 'hxy', '', '2020-08-05 15:10:12', '', '127.0.0.1');
INSERT INTO `log` VALUES (4868, 'tn', '', '2020-08-05 16:19:41', '', '127.0.0.1');
INSERT INTO `log` VALUES (4869, 'admin', '', '2020-08-05 16:20:09', '', '127.0.0.1');
INSERT INTO `log` VALUES (4870, 'hxy', '', '2020-08-05 16:25:44', '', '127.0.0.1');
INSERT INTO `log` VALUES (4871, 'admin', '', '2020-08-05 16:28:22', '', '127.0.0.1');
INSERT INTO `log` VALUES (4872, 'hxy', '', '2020-08-05 16:31:37', '', '127.0.0.1');
INSERT INTO `log` VALUES (4873, 'admin', '', '2020-08-05 16:52:16', '', '127.0.0.1');
INSERT INTO `log` VALUES (4874, 'admin', '', '2020-08-05 16:53:33', '', '127.0.0.1');
INSERT INTO `log` VALUES (4875, 'admin', '', '2020-08-05 16:53:33', '', '127.0.0.1');
INSERT INTO `log` VALUES (4876, 'hxy', '', '2020-08-05 17:00:04', '', '127.0.0.1');
INSERT INTO `log` VALUES (4877, 'admin', '', '2020-08-05 17:05:18', '', '127.0.0.1');
INSERT INTO `log` VALUES (4878, 'hxy', '', '2020-08-05 17:06:03', '', '127.0.0.1');
INSERT INTO `log` VALUES (4879, 'hxy', '', '2020-08-05 17:22:13', '', '127.0.0.1');
INSERT INTO `log` VALUES (4880, 'hxy', '', '2020-08-05 17:25:44', '', '127.0.0.1');
INSERT INTO `log` VALUES (4881, 'hxy', '', '2020-08-05 17:37:16', '', '127.0.0.1');
INSERT INTO `log` VALUES (4882, 'hxy', '', '2020-08-05 17:39:21', '', '127.0.0.1');
INSERT INTO `log` VALUES (4883, 'hxy', '', '2020-08-05 17:39:58', '', '127.0.0.1');
INSERT INTO `log` VALUES (4884, 'admin', '', '2020-08-05 17:40:12', '', '127.0.0.1');
INSERT INTO `log` VALUES (4885, 'admin', '', '2020-08-05 17:42:25', '', '127.0.0.1');
INSERT INTO `log` VALUES (4886, 'admin', '', '2020-08-05 17:43:30', '', '127.0.0.1');
INSERT INTO `log` VALUES (4887, 'admin', '', '2020-08-05 17:45:31', '', '127.0.0.1');
INSERT INTO `log` VALUES (4888, 'hxy', '', '2020-08-05 18:18:20', '', '127.0.0.1');
INSERT INTO `log` VALUES (4889, 'hxy', '', '2020-08-05 18:19:01', '', '127.0.0.1');
INSERT INTO `log` VALUES (4890, 'chb', '', '2020-08-06 11:45:52', '', '127.0.0.1');
INSERT INTO `log` VALUES (4891, 'hxy', '', '2020-08-06 11:46:05', '', '127.0.0.1');
INSERT INTO `log` VALUES (4892, 'tn', '', '2020-08-06 15:50:08', '', '127.0.0.1');
INSERT INTO `log` VALUES (4893, 'hxy', '', '2020-08-06 15:50:42', '', '127.0.0.1');
INSERT INTO `log` VALUES (4894, 'hxy', '', '2020-08-06 16:44:48', '', '127.0.0.1');
INSERT INTO `log` VALUES (4895, 'hxy', '', '2020-08-07 08:54:11', '', '127.0.0.1');
INSERT INTO `log` VALUES (4896, 'chr', '', '2020-08-07 10:03:08', '', '127.0.0.1');
INSERT INTO `log` VALUES (4897, 'hxy', '', '2020-08-07 10:32:00', '', '127.0.0.1');
INSERT INTO `log` VALUES (4898, 'chr', '', '2020-08-07 10:34:09', '', '127.0.0.1');
INSERT INTO `log` VALUES (4899, 'hxy', '', '2020-08-07 11:01:25', '', '127.0.0.1');
INSERT INTO `log` VALUES (4900, 'hxy', '', '2020-08-07 11:03:13', '', '127.0.0.1');
INSERT INTO `log` VALUES (4901, 'hxy', '', '2020-08-07 11:07:36', '', '127.0.0.1');
INSERT INTO `log` VALUES (4902, 'hxy', '', '2020-08-07 11:11:14', '', '127.0.0.1');
INSERT INTO `log` VALUES (4903, 'hxy', '', '2020-08-07 11:12:36', '', '127.0.0.1');
INSERT INTO `log` VALUES (4904, 'hxy', '', '2020-08-07 11:17:47', '', '127.0.0.1');

-- ----------------------------
-- Table structure for menu
-- ----------------------------
DROP TABLE IF EXISTS `menu`;
CREATE TABLE `menu`  (
  `MenuId` int(0) NOT NULL AUTO_INCREMENT COMMENT 'ID',
  `ParentId` int(0) NULL DEFAULT NULL COMMENT 'ID',
  `Title` varchar(50) CHARACTER SET utf8 COLLATE utf8_general_ci NULL DEFAULT NULL COMMENT '',
  `Href` varchar(50) CHARACTER SET utf8 COLLATE utf8_general_ci NULL DEFAULT NULL COMMENT ' url',
  `Perms` varchar(50) CHARACTER SET utf8 COLLATE utf8_general_ci NULL DEFAULT NULL COMMENT '',
  `Icon` varchar(50) CHARACTER SET utf8 COLLATE utf8_general_ci NULL DEFAULT NULL COMMENT '',
  `Target` varchar(50) CHARACTER SET utf8 COLLATE utf8_general_ci NULL DEFAULT NULL COMMENT '',
  `CreateDate` datetime(0) NULL DEFAULT NULL COMMENT '',
  `ModifyDate` datetime(0) NULL DEFAULT NULL COMMENT '',
  PRIMARY KEY (`MenuId`) USING BTREE
) ENGINE = InnoDB AUTO_INCREMENT = 1029 CHARACTER SET = utf8 COLLATE = utf8_general_ci ROW_FORMAT = Compact;

-- ----------------------------
-- Records of menu
-- ----------------------------
INSERT INTO `menu` VALUES (90, 0, '', '', NULL, 'fa fa-bullhorn', NULL, NULL, NULL);
INSERT INTO `menu` VALUES (91, 90, '', '/information/goinformation', NULL, 'fa fa-edit', '_self', NULL, NULL);
INSERT INTO `menu` VALUES (92, 90, '', '/information/goadd', NULL, 'fa fa-comments-o', NULL, NULL, NULL);
INSERT INTO `menu` VALUES (100, 0, '', '', NULL, 'fa fa-book', NULL, NULL, NULL);
INSERT INTO `menu` VALUES (101, 100, '', '/learningmanual/goculture', NULL, 'fa fa-language', NULL, NULL, NULL);
INSERT INTO `menu` VALUES (102, 100, '', '/learningmanual/gosystem', NULL, 'fa fa-legal', NULL, NULL, NULL);
INSERT INTO `menu` VALUES (103, 100, '', '/learningmanual/goframework', NULL, 'fa fa-sitemap', NULL, NULL, NULL);
INSERT INTO `menu` VALUES (200, 0, '', '', 'company:list', 'fa fa-reorder', '_self', NULL, NULL);
INSERT INTO `menu` VALUES (201, 200, '', '/corpbasicinfo/goselectcorpbasicinfo', '', 'fa fa-binoculars', '', '2020-07-21 11:55:47', '2020-07-21 11:55:51');
INSERT INTO `menu` VALUES (202, 200, '', '#', 'company:add', 'fa fa-plus-square', '_self', NULL, '2020-08-05 09:26:59');
INSERT INTO `menu` VALUES (203, 200, '', '#', 'company:update', NULL, NULL, NULL, NULL);
INSERT INTO `menu` VALUES (204, 200, '', '#', 'company:delete', NULL, NULL, NULL, NULL);
INSERT INTO `menu` VALUES (250, 0, '', '', NULL, 'fa fa-tasks', NULL, NULL, NULL);
INSERT INTO `menu` VALUES (251, 250, '', '/department/goselectdepartment', NULL, NULL, NULL, NULL, NULL);
INSERT INTO `menu` VALUES (252, 250, '', '#', 'department:add', NULL, NULL, NULL, NULL);
INSERT INTO `menu` VALUES (253, 250, '', '#', 'department:update', NULL, NULL, NULL, NULL);
INSERT INTO `menu` VALUES (254, 250, '', '#', 'department:delete', NULL, NULL, NULL, NULL);
INSERT INTO `menu` VALUES (300, 0, '', '', NULL, 'fa fa fa-user', NULL, NULL, NULL);
INSERT INTO `menu` VALUES (301, 300, '', '/employee/goemployee', 'user:list', 'fa fa fa-users', '_self', NULL, NULL);
INSERT INTO `menu` VALUES (302, 300, '', 'renshidangan', NULL, NULL, NULL, NULL, NULL);
INSERT INTO `menu` VALUES (303, 300, '', '#', 'user:setpassword', 'fa-unlock-alt', NULL, NULL, NULL);
INSERT INTO `menu` VALUES (304, 300, '', '#', 'user:updatestatus', 'fa-toggle-on', NULL, NULL, NULL);
INSERT INTO `menu` VALUES (400, 0, '', '', NULL, 'fa fa-clock-o', NULL, NULL, NULL);
INSERT INTO `menu` VALUES (401, 400, '', '/leavebill/goselectleavebill', NULL, NULL, NULL, NULL, NULL);
INSERT INTO `menu` VALUES (402, 400, '', '/workflow/goTaskManger', NULL, NULL, NULL, NULL, NULL);
INSERT INTO `menu` VALUES (403, 400, '', '/workflow/goapprovalrecord', NULL, NULL, NULL, NULL, NULL);
INSERT INTO `menu` VALUES (450, 0, '', '', NULL, 'fa fa-sitemap', NULL, NULL, NULL);
INSERT INTO `menu` VALUES (451, 450, '', '/workflow/goworkflow', NULL, NULL, NULL, NULL, NULL);
INSERT INTO `menu` VALUES (600, 0, '', '', NULL, 'fa fa-recycle', NULL, NULL, NULL);
INSERT INTO `menu` VALUES (601, 600, '', '/procurement/goselectpro', NULL, NULL, NULL, NULL, NULL);
INSERT INTO `menu` VALUES (602, 600, '', '/proflow/goProTaskManger', NULL, NULL, NULL, NULL, NULL);
INSERT INTO `menu` VALUES (603, 600, '', '', NULL, NULL, NULL, NULL, NULL);
INSERT INTO `menu` VALUES (604, 600, '', '/warehouse/goselectwarehouse', NULL, NULL, NULL, NULL, NULL);
INSERT INTO `menu` VALUES (700, 0, '', '', '', 'fa fa-car', '_self', NULL, NULL);
INSERT INTO `menu` VALUES (701, 700, '', '/vehicleinfo/goselectvehicleinfo', 'vehicleinfo:list', NULL, NULL, NULL, NULL);
INSERT INTO `menu` VALUES (702, 700, '', '/vehicleorders/govehicleorders', 'vehicleorders:list', NULL, NULL, NULL, NULL);
INSERT INTO `menu` VALUES (703, 700, '', '#', 'vehicleorders:add', NULL, NULL, NULL, NULL);
INSERT INTO `menu` VALUES (704, 700, '', '#', 'vehicleorders:update', NULL, NULL, NULL, NULL);
INSERT INTO `menu` VALUES (705, 700, '', '#', 'vehicleorders:delete', NULL, NULL, NULL, NULL);
INSERT INTO `menu` VALUES (706, 700, '', '#', 'vehicleinfo:add', NULL, NULL, NULL, NULL);
INSERT INTO `menu` VALUES (707, 700, '', '#', 'vehicleinfo:update', NULL, NULL, NULL, NULL);
INSERT INTO `menu` VALUES (708, 700, '', '#', 'vehicleinfo:delete', NULL, NULL, NULL, NULL);
INSERT INTO `menu` VALUES (800, 0, '', '', NULL, 'fa fa-file-o', NULL, NULL, NULL);
INSERT INTO `menu` VALUES (801, 800, '', '/fileinfo/goselectfile', NULL, NULL, NULL, NULL, NULL);
INSERT INTO `menu` VALUES (900, 0, '', '', NULL, 'fa fa-book', '_self', NULL, NULL);
INSERT INTO `menu` VALUES (1000, 0, '', '', 'user:view', 'fa fa-gears', '_self', NULL, NULL);
INSERT INTO `menu` VALUES (1001, 1000, '', '/system/gosetting', NULL, 'fa fa-cog', '_self', NULL, NULL);
INSERT INTO `menu` VALUES (1002, 1000, '', '/menu/gomenu', 'menu:list', 'fa fa-window-maximize', '_self', NULL, NULL);
INSERT INTO `menu` VALUES (1003, 1000, '', '/system/goicon', NULL, 'fa fa-circle', '_self', NULL, NULL);
INSERT INTO `menu` VALUES (1026, 900, '', '/mail/gomymaillist', 'test', 'fa fa-angellist', '_self', '2020-08-04 14:44:29', NULL);
INSERT INTO `menu` VALUES (1027, 900, '', '/mail/goallmaillist', 'test', 'fa fa-angellist', '_self', '2020-08-04 14:46:58', NULL);

-- ----------------------------
-- Table structure for procurement
-- ----------------------------
DROP TABLE IF EXISTS `procurement`;
CREATE TABLE `procurement`  (
  `ProId` varchar(50) CHARACTER SET utf8 COLLATE utf8_general_ci NOT NULL COMMENT '',
  `CorpId` int(0) NOT NULL COMMENT ' ID',
  `ProDate` datetime(0) NOT NULL COMMENT '',
  `ProType` int(0) NOT NULL COMMENT ' ',
  `GoodsName` varchar(50) CHARACTER SET utf8 COLLATE utf8_general_ci NOT NULL COMMENT '',
  `Unit` varchar(20) CHARACTER SET utf8 COLLATE utf8_general_ci NOT NULL COMMENT '',
  `Type` varchar(20) CHARACTER SET utf8 COLLATE utf8_general_ci NOT NULL COMMENT '',
  `Number` int(0) NOT NULL COMMENT '',
  `Price` decimal(7, 2) NOT NULL COMMENT '',
  `TotalAmount` decimal(7, 2) NOT NULL COMMENT '',
  `ApplicantId` int(0) NOT NULL COMMENT ' ID',
  `ApplicationDeptId` int(0) NOT NULL COMMENT ' ID',
  `ProDesc` varchar(200) CHARACTER SET utf8 COLLATE utf8_general_ci NOT NULL COMMENT '',
  `FileinfoId` int(0) NULL DEFAULT NULL COMMENT '  ',
  `Status` int(0) NOT NULL COMMENT '  ',
  `CreateDate` datetime(0) NOT NULL COMMENT '',
  `ModifyDate` datetime(0) NULL DEFAULT NULL COMMENT '',
  PRIMARY KEY (`ProId`) USING BTREE
) ENGINE = InnoDB CHARACTER SET = utf8 COLLATE = utf8_general_ci ROW_FORMAT = Dynamic;

-- ----------------------------
-- Records of procurement
-- ----------------------------
INSERT INTO `procurement` VALUES ('20200805172232tuXR', 2, '2020-08-05 00:00:00', 0, '1', '1', '1', 1, 1.00, 1.00, 13, 2, '12', 25, 4, '2020-08-05 17:22:32', NULL);
INSERT INTO `procurement` VALUES ('20200805172614MMZP', 2, '2020-08-05 17:25:52', 1, '123', '1', '', 2, 45.00, 90.00, 13, 2, '123456', 26, 1, '2020-08-05 17:26:15', NULL);
INSERT INTO `procurement` VALUES ('202008051733493zrw', 2, '2020-08-05 17:33:35', 0, '', '', '', 2, 33.00, 66.00, 13, 2, '', 27, 1, '2020-08-05 17:33:49', NULL);
INSERT INTO `procurement` VALUES ('20200805173807xoYb', 2, '2020-08-05 00:00:00', 0, '2', '2', '2', 2, 2.00, 8.00, 13, 2, '5', 28, 1, '2020-08-05 17:38:08', NULL);
INSERT INTO `procurement` VALUES ('202008051739416pu3', 2, '2020-08-05 00:00:00', 0, '2', '2', '2', 2, 2.00, 4.00, 13, 2, '561345', 29, 1, '2020-08-05 17:39:41', NULL);
INSERT INTO `procurement` VALUES ('20200805175314huAr', 2, '2020-08-05 17:52:59', 0, '', '', 'a', 3, 444.00, 1332.00, 13, 2, '4334w', 37, 1, '2020-08-05 17:53:14', NULL);
INSERT INTO `procurement` VALUES ('20200805180456gyp1', 2, '2020-08-05 18:04:12', 0, '12', '12', '45', 3, 9.50, 28.50, 13, 2, '497489848', 38, 1, '2020-08-05 18:04:56', NULL);
INSERT INTO `procurement` VALUES ('20200806112601NCPz', 2, '2020-08-06 11:25:45', 0, '1', '2', '', 4, 3.00, 12.00, 13, 2, '', NULL, 1, '2020-08-06 11:26:01', NULL);
INSERT INTO `procurement` VALUES ('20200807102816CFWS', 1, '2020-08-07 10:27:30', 1, '123', '2', '123', 45, 12.00, 540.00, 14, 1, '456781321564689', 83, 1, '2020-08-07 10:28:16', NULL);

-- ----------------------------
-- Table structure for role
-- ----------------------------
DROP TABLE IF EXISTS `role`;
CREATE TABLE `role`  (
  `Roleid` int(0) NOT NULL AUTO_INCREMENT COMMENT '',
  `RoleName` varchar(50) CHARACTER SET utf8 COLLATE utf8_general_ci NULL DEFAULT NULL COMMENT '',
  PRIMARY KEY (`Roleid`) USING BTREE
) ENGINE = InnoDB AUTO_INCREMENT = 4 CHARACTER SET = utf8 COLLATE = utf8_general_ci COMMENT = '' ROW_FORMAT = Compact;

-- ----------------------------
-- Records of role
-- ----------------------------
INSERT INTO `role` VALUES (1, 'admin');
INSERT INTO `role` VALUES (2, 'leader');
INSERT INTO `role` VALUES (3, 'users');
INSERT INTO `role` VALUES (4, 'vehicledriver');

-- ----------------------------
-- Table structure for role_menu
-- ----------------------------
DROP TABLE IF EXISTS `role_menu`;
CREATE TABLE `role_menu`  (
  `RoleId` int(0) NOT NULL,
  `MenuId` int(0) NULL DEFAULT NULL
) ENGINE = InnoDB CHARACTER SET = utf8 COLLATE = utf8_general_ci ROW_FORMAT = Compact;

-- ----------------------------
-- Records of role_menu
-- ----------------------------
INSERT INTO `role_menu` VALUES (1, 90);
INSERT INTO `role_menu` VALUES (1, 91);
INSERT INTO `role_menu` VALUES (1, 92);
INSERT INTO `role_menu` VALUES (1, 100);
INSERT INTO `role_menu` VALUES (1, 101);
INSERT INTO `role_menu` VALUES (1, 102);
INSERT INTO `role_menu` VALUES (1, 103);
INSERT INTO `role_menu` VALUES (1, 200);
INSERT INTO `role_menu` VALUES (1, 201);
INSERT INTO `role_menu` VALUES (1, 202);
INSERT INTO `role_menu` VALUES (1, 203);
INSERT INTO `role_menu` VALUES (1, 204);
INSERT INTO `role_menu` VALUES (1, 250);
INSERT INTO `role_menu` VALUES (1, 251);
INSERT INTO `role_menu` VALUES (1, 252);
INSERT INTO `role_menu` VALUES (1, 253);
INSERT INTO `role_menu` VALUES (1, 254);
INSERT INTO `role_menu` VALUES (1, 300);
INSERT INTO `role_menu` VALUES (1, 301);
INSERT INTO `role_menu` VALUES (1, 302);
INSERT INTO `role_menu` VALUES (1, 303);
INSERT INTO `role_menu` VALUES (1, 304);
INSERT INTO `role_menu` VALUES (1, 400);
INSERT INTO `role_menu` VALUES (1, 401);
INSERT INTO `role_menu` VALUES (1, 402);
INSERT INTO `role_menu` VALUES (1, 600);
INSERT INTO `role_menu` VALUES (1, 601);
INSERT INTO `role_menu` VALUES (1, 602);
INSERT INTO `role_menu` VALUES (1, 603);
INSERT INTO `role_menu` VALUES (1, 604);
INSERT INTO `role_menu` VALUES (1, 700);
INSERT INTO `role_menu` VALUES (1, 701);
INSERT INTO `role_menu` VALUES (1, 702);
INSERT INTO `role_menu` VALUES (1, 703);
INSERT INTO `role_menu` VALUES (1, 704);
INSERT INTO `role_menu` VALUES (1, 705);
INSERT INTO `role_menu` VALUES (1, 706);
INSERT INTO `role_menu` VALUES (1, 707);
INSERT INTO `role_menu` VALUES (1, 708);
INSERT INTO `role_menu` VALUES (1, 800);
INSERT INTO `role_menu` VALUES (1, 900);
INSERT INTO `role_menu` VALUES (1, 1000);
INSERT INTO `role_menu` VALUES (1, 1001);
INSERT INTO `role_menu` VALUES (1, 1002);
INSERT INTO `role_menu` VALUES (1, 1003);
INSERT INTO `role_menu` VALUES (1, 450);
INSERT INTO `role_menu` VALUES (1, 451);
INSERT INTO `role_menu` VALUES (1, 403);
INSERT INTO `role_menu` VALUES (1, 1011);
INSERT INTO `role_menu` VALUES (1, 1012);
INSERT INTO `role_menu` VALUES (1, 1013);
INSERT INTO `role_menu` VALUES (1, 1014);
INSERT INTO `role_menu` VALUES (1, 1015);
INSERT INTO `role_menu` VALUES (1, 1016);
INSERT INTO `role_menu` VALUES (1, 1017);
INSERT INTO `role_menu` VALUES (1, 1018);
INSERT INTO `role_menu` VALUES (1, 1019);
INSERT INTO `role_menu` VALUES (1, 1020);
INSERT INTO `role_menu` VALUES (1, 1021);
INSERT INTO `role_menu` VALUES (1, 1023);
INSERT INTO `role_menu` VALUES (1, 1026);
INSERT INTO `role_menu` VALUES (1, 1027);
INSERT INTO `role_menu` VALUES (1, 801);

-- ----------------------------
-- Table structure for user
-- ----------------------------
DROP TABLE IF EXISTS `user`;
CREATE TABLE `user`  (
  `UserId` int(0) NOT NULL AUTO_INCREMENT COMMENT 'ID',
  `EmployeeId` int(0) NULL DEFAULT NULL COMMENT 'ID ',
  `UserName` varchar(50) CHARACTER SET utf8 COLLATE utf8_general_ci NOT NULL COMMENT '',
  `Password` varchar(50) CHARACTER SET utf8 COLLATE utf8_general_ci NOT NULL COMMENT '',
  `Salt` varchar(50) CHARACTER SET utf8 COLLATE utf8_general_ci NOT NULL COMMENT '',
  `Status` int(0) NOT NULL COMMENT ' 0 1',
  `RoleId` int(0) NOT NULL COMMENT 'ID ',
  `CreateDate` datetime(0) NOT NULL COMMENT '',
  `ModifyDate` datetime(0) NULL DEFAULT NULL COMMENT '',
  PRIMARY KEY (`UserId`) USING BTREE
) ENGINE = InnoDB AUTO_INCREMENT = 17 CHARACTER SET = utf8 COLLATE = utf8_general_ci ROW_FORMAT = Dynamic;

-- ----------------------------
-- Records of user
-- ----------------------------
INSERT INTO `user` VALUES (1, 1, 'admin', '9eb85ac50b9863d345be9289dbb3cc0e', '91a57e82f2a342e2a363d2b66f29f210', 1, 1, '2020-07-10 09:43:32', NULL);
INSERT INTO `user` VALUES (13, 13, 'hxy', 'bbcb06c8fd1ead3ba13760687fbf0527', '722b355ff41045a38406c22ba6219fcd', 1, 1, '2020-07-20 13:43:55', NULL);
INSERT INTO `user` VALUES (14, 18, 'chr', '22874df9415da0b2fcf8f0269a0d7f19', '32ea106fa179486ca75ee01ab11180a4', 1, 1, '2020-07-28 11:51:18', NULL);
INSERT INTO `user` VALUES (15, 19, 'chb', 'ab49781d7abbdd8c3b38540355fda4c4', 'eede71e58cf641d0b1a621cd73b45d61', 1, 2, '2020-07-29 16:03:06', NULL);
INSERT INTO `user` VALUES (16, 20, 'tn', '7284dd6ea6d2fa92ff188d16b44702fc', 'cb9a3433ec4e4a5bb1aed8ed7b20a9e7', 1, 2, '2020-07-31 15:53:26', NULL);

-- ----------------------------
-- Table structure for vehicleinfo
-- ----------------------------
DROP TABLE IF EXISTS `vehicleinfo`;
CREATE TABLE `vehicleinfo`  (
  `VehicleinfoID` int(0) NOT NULL AUTO_INCREMENT COMMENT 'ID',
  `VehicleType` varchar(50) CHARACTER SET utf8 COLLATE utf8_general_ci NOT NULL COMMENT '',
  `VehicleSeatsNumber` int(0) NOT NULL COMMENT '',
  `VehicleNumber` varchar(50) CHARACTER SET utf8 COLLATE utf8_general_ci NOT NULL COMMENT '',
  `VehicleAffiliationCorpbasicinfo` int(0) NOT NULL COMMENT ' ID',
  `VehicleaffiliationPersonal` int(0) NULL DEFAULT NULL COMMENT '  ID',
  `Status` int(0) NULL DEFAULT NULL COMMENT '  ',
  `CreateDate` datetime(0) NULL DEFAULT NULL COMMENT '',
  `ModifyDate` datetime(0) NULL DEFAULT NULL COMMENT '',
  PRIMARY KEY (`VehicleinfoID`) USING BTREE
) ENGINE = InnoDB AUTO_INCREMENT = 1002 CHARACTER SET = utf8 COLLATE = utf8_general_ci ROW_FORMAT = Dynamic;

-- ----------------------------
-- Records of vehicleinfo
-- ----------------------------
INSERT INTO `vehicleinfo` VALUES (1001, '', 2, 'c155ck', 1, 1, 1, NULL, NULL);
INSERT INTO `vehicleinfo` VALUES (1002, '', 5, 'c88866', 1, 2, 0, NULL, '2020-07-09 17:21:36');
INSERT INTO `vehicleinfo` VALUES (1003, '', 5, 'c66666', 1, 3, 1, NULL, '2020-07-09 17:46:26');
INSERT INTO `vehicleinfo` VALUES (1004, '', 5, 'c44444', 1, 3, NULL, NULL, NULL);
INSERT INTO `vehicleinfo` VALUES (1005, '', 2, 'c22222', 1, 1, 0, NULL, NULL);
INSERT INTO `vehicleinfo` VALUES (1006, '', 5, 'c11111', 1, 1, 3, NULL, '2020-07-09 17:43:18');
INSERT INTO `vehicleinfo` VALUES (1007, '', 5, 'c33333', 1, 1, 4, NULL, '2020-07-09 17:33:05');
INSERT INTO `vehicleinfo` VALUES (1008, '', 5, 'c77777', 0, 1, 3, NULL, NULL);
INSERT INTO `vehicleinfo` VALUES (1009, '', 5, 'c88888', 1, 1, 5, NULL, '2020-07-09 17:43:45');
INSERT INTO `vehicleinfo` VALUES (1010, '', 10, 'c99999', 0, 1, 1, NULL, NULL);
INSERT INTO `vehicleinfo` VALUES (1011, '', 2, 'c00000', 1, 1, 1, NULL, NULL);
INSERT INTO `vehicleinfo` VALUES (1012, '', 2, 'c12345', 1, 1, 1, NULL, NULL);
INSERT INTO `vehicleinfo` VALUES (1015, '', 5, '123456', 1, 4, 4, '2020-07-08 14:47:30', NULL);
INSERT INTO `vehicleinfo` VALUES (1016, '', 2, '1525252', 1, 3, 4, '2020-07-08 16:32:59', '2020-07-15 01:19:19');
INSERT INTO `vehicleinfo` VALUES (1017, '', 15, '123456', 1, 4, 0, '2020-07-08 14:47:30', '2020-07-09 16:40:52');
INSERT INTO `vehicleinfo` VALUES (1018, '', 2, 'c12345', 1, 1, 5, NULL, '2020-07-09 16:41:29');
INSERT INTO `vehicleinfo` VALUES (1019, 'X6', 5, 'c88888', 1, 2, 0, NULL, '2020-07-09 17:07:23');
INSERT INTO `vehicleinfo` VALUES (1020, 'X8', 5, 'c88888', 0, 1, 0, NULL, '2020-07-09 17:09:28');
INSERT INTO `vehicleinfo` VALUES (1021, '', 2, 'c123456', 1, 1, 65, '2020-07-10 10:31:12', '2020-07-15 01:24:26');
INSERT INTO `vehicleinfo` VALUES (1022, '', 2, '123456', 1, 1, 6, '2020-07-15 01:16:23', NULL);
INSERT INTO `vehicleinfo` VALUES (1023, '2', 2, '2', 1, 1, 3, '2020-07-15 01:18:06', NULL);
INSERT INTO `vehicleinfo` VALUES (1024, '2', 2, '2', 1, 4, 0, '2020-07-15 01:20:08', NULL);
INSERT INTO `vehicleinfo` VALUES (1025, '123', 1, '123', 1, 1, 2, '2020-07-15 01:23:49', NULL);
INSERT INTO `vehicleinfo` VALUES (1026, '', 5, 'c123456', 1, 3, 0, '2020-07-15 09:24:16', NULL);
INSERT INTO `vehicleinfo` VALUES (1027, '747', 150, '123123', 1, 1, 0, '2020-07-15 09:28:28', NULL);

-- ----------------------------
-- Table structure for vehicleorders
-- ----------------------------
DROP TABLE IF EXISTS `vehicleorders`;
CREATE TABLE `vehicleorders`  (
  `OrderID` varchar(50) CHARACTER SET utf8 COLLATE utf8_general_ci NOT NULL COMMENT 'ID',
  `VehicleID` varchar(50) CHARACTER SET utf8 COLLATE utf8_general_ci NOT NULL COMMENT ' id',
  `EmployeeID` int(0) NOT NULL COMMENT 'id ID',
  `VehicleDriverID` int(0) NOT NULL COMMENT 'ID ID',
  `BeganAddress` int(0) NULL DEFAULT NULL COMMENT '',
  `DestinationAddress` varchar(50) CHARACTER SET utf8 COLLATE utf8_general_ci NULL DEFAULT NULL COMMENT '',
  `EndAddress` varchar(50) CHARACTER SET utf8 COLLATE utf8_general_ci NULL DEFAULT NULL COMMENT '',
  `Mileage` varchar(50) CHARACTER SET utf8 COLLATE utf8_general_ci NULL DEFAULT NULL COMMENT '',
  `MileageBeganUrl` varchar(50) CHARACTER SET utf8 COLLATE utf8_general_ci NULL DEFAULT NULL COMMENT ' ',
  `MileageEndUrl` varchar(50) CHARACTER SET utf8 COLLATE utf8_general_ci NULL DEFAULT NULL COMMENT ' ',
  `BeganDate` datetime(0) NULL DEFAULT NULL COMMENT ' ',
  `EndDate` datetime(0) NULL DEFAULT NULL COMMENT ' ',
  `Status` int(0) NOT NULL COMMENT ' ',
  `OrderDesc` varchar(200) CHARACTER SET utf8 COLLATE utf8_general_ci NULL DEFAULT NULL COMMENT ' ',
  `CreateDate` datetime(0) NOT NULL COMMENT '',
  `ModifyDate` datetime(0) NULL DEFAULT NULL COMMENT '  ',
  PRIMARY KEY (`OrderID`) USING BTREE
) ENGINE = InnoDB CHARACTER SET = utf8 COLLATE = utf8_general_ci ROW_FORMAT = Dynamic;

-- ----------------------------
-- Table structure for warehouse
-- ----------------------------
DROP TABLE IF EXISTS `warehouse`;
CREATE TABLE `warehouse`  (
  `WarehouseId` int(0) NOT NULL AUTO_INCREMENT COMMENT 'ID ID',
  `CorpId` int(0) NOT NULL COMMENT ' ID',
  `GoodsName` varchar(50) CHARACTER SET utf8 COLLATE utf8_general_ci NOT NULL COMMENT '',
  `Unit` varchar(20) CHARACTER SET utf8 COLLATE utf8_general_ci NOT NULL COMMENT '',
  `Type` varchar(20) CHARACTER SET utf8 COLLATE utf8_general_ci NOT NULL COMMENT '',
  `TotalNumbe` int(0) NOT NULL COMMENT '',
  `Price` decimal(7, 2) NOT NULL COMMENT '',
  `TotalAmount` decimal(7, 2) NOT NULL COMMENT '',
  `CreateDate` datetime(0) NOT NULL COMMENT '',
  `ModifyDate` datetime(0) NULL DEFAULT NULL COMMENT '',
  PRIMARY KEY (`WarehouseId`) USING BTREE
) ENGINE = InnoDB CHARACTER SET = utf8 COLLATE = utf8_general_ci ROW_FORMAT = Dynamic;

SET FOREIGN_KEY_CHECKS = 1;
